caja_tipo_id,caja_grosor_mm,caja_interior_largo,caja_interior_ancho,caja_interior_alto,caja_exterior_largo,caja_exterior_ancho,caja_exterior_alto,pallet_alto,pallet_ancho,pallet_largo,cantidad_cajas_alto,cantidad_cajas_largo,cantidad_cajas_ancho,cantidad_cajas_total,utilizacion
02cf77de65b70dd77905e2e33d78478f,2.7,395.0,296.0,291.0,400.0,301.4,296.4,1800,800,1200,6.0,2.0,3.0,36,0.744458
082c1cdb42b1abd201403ca33ca11ef0,4.1,383.0,248.0,189.0,391.2,256.2,197.2,1800,800,1200,9.0,2.0,4.0,72,0.8235190319999999
0835ff365412a67b720a19713ec250f3,4.1,386.0,286.0,278.0,394.2,294.2,286.2,1800,800,1200,6.0,2.0,4.0,48,0.921990438
0b72571a5bb7429ce7de424547e8d27d,4.1mm,386.0,286.0,174.0,394.2,294.2,182.2,1800,800,1200,9.0,2.0,4.0,72,0.8804332169999999
10c5f9edbe2c87186bcdeb991fe8d902,4.6,380.0,252.0,228.0,389.2,261.2,237.2,1800,800,1200,7.0,2.0,4.0,56,0.7814568056296296
116dda17a7b7fb82c62f462ef4a94218,4.1,386.0,286.0,164.0,394.2,294.2,172.2,1800,800,1200,10.0,2.0,4.0,80,0.92456763
11b35a29e8327acfb5f714e16d96040c,4.1,379.0,268.0,363.0,387.2,276.2,371.2,1800,800,1200,4.0,2.0,4.0,32,0.7351453771851852
125888817c4da192ce9335454b8d4432,4.8,379.0,281.0,271.0,388.6,290.6,280.6,1800,800,1200,6.0,2.0,4.0,48,0.8802044748888892
1333ec917a8a6111a3fac88649307892,4.6,380.0,287.0,219.0,389.2,296.2,228.2,1800,800,1200,7.0,2.0,4.0,56,0.8525459874814815
1416893384452893b004453859dc1ae4,4.1,383.0,248.0,239.0,391.2,256.2,247.2,1800,800,1200,7.0,2.0,4.0,56,0.8029171359999999
161332db17a4c8bcba8a5651098cbe91,4.1 mm,388.0,288.0,189.0,396.2,296.2,197.2,1800,800,1200,9.0,2.0,4.0,72,0.9642623153333332
162c41fa859810e889efa37f867819bb,2.7,395.0,296.0,214.0,400.0,301.4,219.4,1800,800,1200,8.0,2.0,3.0,48,0.7347462222222222
170f5916eaeb0e271ae012eedb1ad645,4.1,386.0,286.0,298.0,394.2,294.2,306.2,1800,800,1200,5.0,2.0,4.0,40,0.8220168649999999
1a3ffa8018de4637afcdd1e390e2602a,4.1mm,383.0,248.0,199.0,391.2,256.2,207.2,1800,800,1200,8.0,2.0,4.0,64,0.7691374506666666
1aef9680c5b131e489d3ac61e5ace43f,4.80,384.0,286.0,148.0,393.6,295.6,157.6,1800,800,1200,11.0,2.0,4.0,88,0.933801713777778
1c01c33ced1f5bfdb36a399ac98e0c68,4.1,383.0,248.0,214.0,391.2,256.2,222.2,1800,800,1200,8.0,2.0,4.0,,0.8248182506666665
1cbc364190e4feb6cfbe064584c400ab,4.1,383.0,248.0,224.0,391.2,256.2,232.2,1800,800,1200,7.0,2.0,4.0,56,0.7541964359999999
1d004a15dfa567347fd4f43b42afd3a4,2.7,395.0,296.0,163.0,400.0,301.4,168.4,1800,800,1200,10.0,2.0,3.0,60,0.7049411111111111
1e4959b0a5703ba491bdc303578ad11c,2.7,393.0,255.0,168.0,398.4,260.4,173.4,1800,800,1200,10.0,2.0,4.0,,0.8328286399999999
1e68edd4dd3edf793634e204ec225c3b,4.8,380.0,282.0,215.0,389.6,291.6,224.6,1800,800,1200,8.0,2.0,4.0,64,0.945044928
1f3654aef5539d7393e1c6a4a8be552f,4.6,383.0,285.0,206.0,392.2,294.2,215.2,1800,800,1200,8.0,2.0,4.0,,0.919663098074074
1fe6b9010b30d1d429fc0c7a240159aa,2.7,395.0,296.0,255.0,400.0,301.4,260.4,1800,800,1200,6.0,2.0,3.0,36,0.654038
2060590a59a5c59ff1bb32dbffe1028b,4.1,386.0,286.0,288.0,394.2,294.2,296.2,1800,800,1200,6.0,2.0,4.0,48,0.954205338
225c1760c0e9639bbb73f58d280b7a0e,2.70,393.0,294.0,224.0,398.4,299.4,229.4,1800,800,1200,7.0,2.0,4.0,56,0.8867655813333332
228ba4e5ea3c7574cbd9ce77434d4525,4.8,380.0,282.0,185.0,389.6,291.6,194.6,1800,800,1200,9.0,2.0,4.0,72,0.921166344
2358aed8ccfb64eb89ff5dcd9e30de7d,2.7,395.0,296.0,352.0,400.0,301.4,357.4,1800,800,1200,5.0,2.0,3.0,,0.7480580555555554
2361696c0cf9b4a8490d7098c11e6a51,2.7,393.0,255.0,250.0,398.4,260.4,255.4,1800,800,1200,7.0,2.0,4.0,56,0.8586684213333333
25a862538c3d2488d1284dc2bd9244f3,2.7,395.0,296.0,204.0,400.0,301.4,209.4,1800,800,1200,8.0,2.0,3.0,48,0.7012573333333333
25b51ca97d24c6dd7fdc2fd6f9551dac,"4,6",380.0,252.0,144.0,389.2,261.2,153.2,1800,800,1200,11.0,2.0,4.0,88,0.7931287694814814
27cfee279bf2517d910cfab7c0b51213,4.1mm,386.0,286.0,204.0,394.2,294.2,212.2,1800,800,1200,8.0,2.0,4.0,64,0.911466904
27f597341f2223c1757e942d65f52be3,4.1,386.0,286.0,162.0,394.2,294.2,170.2,1800,800,1200,10.0,2.0,4.0,80,0.91382933
3068e6f2a2ce79314e458b7a6ab57b4d,4.1,388.0,288.0,144.0,396.2,296.2,152.2,1800,800,1200,11.0,2.0,4.0,88,0.9096055715185184
3249c6671a2e400c91ae940376aa4946,4.1,388.0,288.0,268.0,396.2,296.2,276.2,1800,800,1200,6.0,2.0,4.0,48,0.9003693424444443
3256a5fed07b421a92abee44a3d93243,2.7,395.0,296.0,260.0,400.0,301.4,265.4,1800,800,1200,6.0,2.0,3.0,36,0.6665963333333333
32afd4b4cbf80746743543d141a1b52c,2.7,395.0,296.0,235.0,400.0,301.4,240.4,1800,800,1200,7.0,2.0,3.0,42,0.7044387777777777
3479d784dc4ed4c42784cabde22ac149,4.1,383.0,248.0,248.0,391.2,256.2,256.2,1800,800,1200,7.0,2.0,4.0,56,0.832149556
34dbd33aabcf7123c6ee197304f6312d,2.7,395.0,245.0,230.0,400.0,250.4,235.4,1800,800,1200,7.0,2.0,4.0,56,0.764090962962963
35174969e008414733b7133a380c2f8c,4.5,391.0,255.0,240.0,400.0,264.0,249.0,1800,800,1200,7.0,2.0,4.0,56,0.8521333333333333
3665e3bea9deb6de2f6ad8e308473be4,4.8,380.0,282.0,212.0,389.6,291.6,221.6,1800,800,1200,8.0,2.0,4.0,64,0.932421888
37070e9f43f02e356af14131f16a3112,2.7,393.0,255.0,245.0,398.4,260.4,250.4,1800,800,1200,7.0,2.0,4.0,56,0.8418581546666666
371bc8e13ebaec61128f288334956fa5,4.5,391.0,255.0,230.0,400.0,264.0,239.0,1800,800,1200,7.0,2.0,4.0,56,0.8179111111111111
3826faf22304dbe5bef22f8c36155874,2.7,393.0,255.0,224.0,398.4,260.4,229.4,1800,800,1200,7.0,2.0,4.0,,0.7712550346666666
3b9cad8a30970ffa68683f11cb2734ba,4.1,383.0,248.0,184.0,391.2,256.2,192.2,1800,800,1200,9.0,2.0,4.0,72,0.8026387319999998
3bbb0a264f46985b05693bd22a6944d3,4.6,381.0,283.0,188.0,390.2,292.2,197.2,1800,800,1200,9.0,2.0,4.0,72,0.9368350819999998
3cdb44bb6e06ba2151d665a0c599b894,2.7,395.0,296.0,173.0,400.0,301.4,178.4,1800,800,1200,10.0,2.0,3.0,60,0.746802222222222
3ee40e049bab5e95db9b552be527cd7d,4.8,380.0,282.0,261.0,389.6,291.6,270.6,1800,800,1200,6.0,2.0,4.0,48,0.8539486560000004
3ef63ea58bdc563a0f889a62b3874119,2.7,393.0,255.0,148.0,398.4,260.4,153.4,1800,800,1200,11.0,2.0,4.0,88,0.8104469706666666
3f4b03b56bb388655f2cb1495b69f5d7,4.1,388.0,288.0,278.0,396.2,296.2,286.2,1800,800,1200,6.0,2.0,4.0,48,0.9329677979999998
414d4cf5c1bc8a346f7e4445ede7acbd,4.1,386.0,286.0,229.0,394.2,294.2,237.2,1800,800,1200,7.0,2.0,4.0,56,0.8914936659999999
4472825c5f9816d7befa089cf8451878,4.1,383.0,248.0,318.0,391.2,256.2,326.2,1800,800,1200,5.0,2.0,4.0,,0.7567948733333333
457aead6b645a6fdaad21f23a4e8ca12,2.70,393.0,255.0,265.0,398.4,260.4,270.4,1800,800,1200,6.0,2.0,4.0,48,0.7792279039999997
48d2fa87ef6ac189e633680672b6132e,4.1,386.0,286.0,199.0,394.2,294.2,207.2,1800,800,1200,8.0,2.0,4.0,64,0.8899903039999999
4910b652fb2cf1c609d243a1e78d1919,4.10,386.0,286.0,217.0,394.2,294.2,225.2,1800,800,1200,7.0,2.0,4.0,56,0.8463928059999999
4989f7c44b56191eebb2c0b95763c0db,2.7,395.0,296.0,250.0,400.0,301.4,255.4,1800,800,1200,7.0,2.0,3.0,,0.7483929444444445
4b244c7cfb71e51bf24fcc396d19c509,2.7,393.0,250.0,168.0,398.4,255.4,173.4,1800,800,1200,10.0,2.0,4.0,80,0.8168373066666668
4c00c9ca639e09b29ebaf3d4ce15c111,2.7,395.0,296.0,148.0,400.0,301.4,153.4,1800,800,1200,11.0,2.0,3.0,66,0.7063643888888889
4d0dc68792c8a76defd00faaff677665,4.6,379.0,281.0,289.0,388.2,290.2,298.2,1800,800,1200,6.0,2.0,4.0,48,0.9331642179999998
4e08f8e3d25dca0ebe2ef18b5cff3f24,4.8,380.0,282.0,305.0,389.6,291.6,314.6,1800,800,1200,5.0,2.0,4.0,40,0.8273350800000001
4e4ab9c5dd0e741b2d59dd243d6a270a,4.6,383.0,285.0,226.0,392.2,294.2,235.2,1800,800,1200,7.0,2.0,4.0,56,0.8794919404444445
4f08f853cf7f9be28571df66a50bc322,4.1,388.0,288.0,164.0,396.2,296.2,172.2,1800,800,1200,10.0,2.0,4.0,80,0.9355756744444444
4f15606db1c337e2b9460243b25326d4,4.1,379.0,268.0,358.0,387.2,276.2,366.2,1800,800,1200,4.0,2.0,4.0,,0.7252430957037037
519a80871f454928779db9ed3e039e2b,4.8mm,380.0,282.0,167.0,389.6,291.6,176.6,1800,800,1200,10.0,2.0,4.0,80,0.92884536
5229dfb764d843b66341f7ca5cdec3dd,4.1,388.0,288.0,214.0,396.2,296.2,222.2,1800,800,1200,8.0,2.0,4.0,64,0.9657835765925924
5291917030874f6b0d887d1710a073f8,4.6,380.0,252.0,226.0,389.2,261.2,235.2,1800,800,1200,7.0,2.0,4.0,56,0.7748677937777778
537ef1ac28efdb45dee0d50d3e1f8274,4.8,380.0,282.0,251.0,389.6,291.6,260.6,1800,800,1200,6.0,2.0,4.0,48,0.8223910560000002
55b52b97c05b19dbbbefa191622fe36a,4.1,386.0,286.0,179.0,394.2,294.2,187.2,1800,800,1200,9.0,2.0,4.0,,0.9045943919999998
563a3fa61d441769163b35905be8987d,4.1,383.0,248.0,234.0,391.2,256.2,242.2,1800,800,1200,7.0,2.0,4.0,56,0.7866769026666666
5752498adef915345dabc54b32edf146,2.7,395.0,296.0,219.0,400.0,301.4,224.4,1800,800,1200,8.0,2.0,3.0,48,0.7514906666666666
584c93c412f45cd05fb6c4c753038aa1,4.6,379.0,285.0,289.0,388.2,294.2,298.2,1800,800,1200,6.0,2.0,4.0,48,0.9460265779999998
5914abeae491eab8612131985b15994f,4.1,386.0,286.0,239.0,394.2,294.2,247.2,1800,800,1200,7.0,2.0,4.0,56,0.929077716
5a779fb14ea37232001ecf933514d159,2.7,395.0,296.0,189.0,400.0,301.4,194.4,1800,800,1200,9.0,2.0,3.0,54,0.7324019999999999
5c09a821f787019adf0ee74c5cc31985,4.1,385.0,255.0,318.0,393.2,263.2,326.2,1800,800,1200,5.0,2.0,4.0,40,0.7814471362962961
5de73c5764aabd7851aff9fdd3125d98,4.7,385.0,285.0,170.0,394.4,294.4,179.4,1800,800,1200,10.0,2.0,4.0,80,0.964369351111111
5e09543a8b7a6614f447c98559a39851,2.7,395.0,296.0,178.0,400.0,301.4,183.4,1800,800,1200,9.0,2.0,3.0,54,0.6909594999999998
5e55b0f0e0122b55ba8d4d91fb921c5a,4.5,391.0,292.0,316.0,400.0,301.0,325.0,1800,800,1200,5.0,2.0,3.0,30,0.6793402777777777
600cd59259a79d7fa6a1bffb6451bb8a,4.1,386.0,286.0,219.0,394.2,294.2,227.2,1800,800,1200,7.0,2.0,4.0,56,0.8539096159999999
60eb77c934f99a121f410ec2037a2a46,2.7 mm,395.0,296.0,306.0,400.0,301.4,311.4,1800,800,1200,5.0,2.0,3.0,30,0.6517774999999999
60f9d051a89c1302333f9987840f1831,"4,1",385.0,255.0,328.0,393.2,263.2,336.2,1800,800,1200,5.0,2.0,4.0,40,0.8054032103703702
614801e8bbdec32546c0d92055dfb596,4.1,388.0,288.0,194.0,396.2,296.2,202.2,1800,800,1200,8.0,2.0,4.0,64,0.8788543617777776
6317bf81cd9d3fe0f209963e7fd234f7,4.8,380.0,282.0,172.0,389.6,291.6,181.6,1800,800,1200,9.0,2.0,4.0,72,0.8596290240000001
631adf6ff70b5781bcd77a8f20a140e0,4.1,386.0,286.0,192.0,394.2,294.2,200.2,1800,800,1200,8.0,2.0,4.0,64,0.859923064
63849e2a342c002e41cdca735b7ffa35,4.6,381.0,283.0,229.0,390.2,292.2,238.2,1800,800,1200,7.0,2.0,4.0,56,0.8801435743333333
6606e81b2f59d36618cddb9ed77287c3,2.7,393.0,255.0,199.0,398.4,260.4,204.4,1800,800,1200,8.0,2.0,4.0,64,0.7853756586666666
67894c5a8355ca9b7e57b96362fa45f1,4.1,388.0,288.0,169.0,396.2,296.2,177.2,1800,800,1200,10.0,2.0,4.0,80,0.962741054074074
689d55a5924317429c37f70116fcf10b,2.7,393.0,255.0,275.0,398.4,260.4,280.4,1800,800,1200,6.0,2.0,4.0,,0.8080455039999996
6a29db0cef2137d2bb15a27d61f064bd,2.70,393.0,255.0,270.0,398.4,260.4,275.4,1800,800,1200,6.0,2.0,4.0,48,0.7936367039999996
6bd5fa9e984e7243519003fc969aa30d,4.1,386.0,286.0,244.0,394.2,294.2,252.2,1800,800,1200,7.0,2.0,4.0,,0.947869741
6bf7838d3709d8f15fdad06ed6484d8e,2.5 mm,393.0,255.0,260.0,398.0,260.0,265.0,1800,800,1200,6.0,2.0,4.0,48,0.7617277777777778
6d3b65a1af8cc152d64aed67c4b13230,4.6,383.0,285.0,191.0,392.2,294.2,200.2,1800,800,1200,8.0,2.0,4.0,,0.8555601869629629
6d3c3bcdfc4034e3424078243e7668a1,4.1,386.0,286.0,286.0,394.2,294.2,294.2,1800,800,1200,6.0,2.0,4.0,48,0.947762358
6d5c1314ab281dbdd56dc5dde84579b9,2.7,395.0,296.0,245.0,400.0,301.4,250.4,1800,800,1200,7.0,2.0,3.0,,0.7337415555555555
6e24cdcd39a5b66463bacc58cc283eb7,4.1,388.0,288.0,227.0,396.2,296.2,235.2,1800,800,1200,7.0,2.0,4.0,,0.8945016204444444
6f0bc5eabea0d399e9342acf41bcb33b,2.7 mm,395.0,296.0,194.0,400.0,301.4,199.4,1800,800,1200,9.0,2.0,3.0,54,0.7512394999999998
72188210fb21e6ddf6d4aba9a9301c48,4.1,388.0,288.0,239.0,396.2,296.2,247.2,1800,800,1200,7.0,2.0,4.0,56,0.940139458222222
74199034c698427710e01bb0d15604d8,2.7,393.0,255.0,173.0,398.4,260.4,178.4,1800,800,1200,10.0,2.0,4.0,80,0.8568433066666665
746ba2b15e87d0070b74ecc07f6ca350,4.1,388.0,288.0,229.0,396.2,296.2,237.2,1800,800,1200,7.0,2.0,4.0,56,0.9021079267407406
76707310f2a6b601d4f7815c21f6e7bd,2.70,393.0,297.0,257.0,398.4,302.4,262.4,1800,800,1200,6.0,2.0,3.0,36,0.6586030079999999
78476d2a5588a720c7742ab9b866c42e,"2,7",393.0,255.0,286.0,398.4,260.4,291.4,1800,800,1200,6.0,2.0,4.0,48,0.8397448639999996
79637c70988d89fe3abe191b59c1ed0c,4.1,388.0,288.0,219.0,396.2,296.2,227.2,1800,800,1200,7.0,2.0,4.0,56,0.8640763952592592
7a36a62f118b7544b9313b676a30ea35,4.1,388.0,288.0,199.0,396.2,296.2,207.2,1800,800,1200,8.0,2.0,4.0,64,0.9005866654814813
8044f4664ac51a293ecacbd7a3d0fb38,4.80,380.0,282.0,210.0,389.6,291.6,219.6,1800,800,1200,8.0,2.0,4.0,64,0.924006528
83d3c7c10fbc6fe2e476fd8c600855e2,2.7,393.0,255.0,194.0,398.4,260.4,199.4,1800,800,1200,9.0,2.0,4.0,72,0.8619344159999999
845990194eeb50cd131954a55fecd655,2.5 mm,395.0,264.0,330.0,400.0,269.0,335.0,1800,800,1200,5.0,2.0,4.0,40,0.8343981481481482
8850d576186653964c356b848cd2153a,4.1,386.0,286.0,194.0,394.2,294.2,202.2,1800,800,1200,8.0,2.0,4.0,64,0.8685137039999999
8b92b5a6728066959f3f11c35d1cd62f,4.6,380.0,252.0,218.0,389.2,261.2,227.2,1800,800,1200,7.0,2.0,4.0,56,0.7485117463703703
8f26468860664ecfed551104179d7f3e,4.1,386.0,286.0,318.0,394.2,294.2,326.2,1800,800,1200,5.0,2.0,4.0,40,0.8757083649999999
8f61ca662a88d3f0432d0d6a0cfbf2ee,4.10,383.0,248.0,179.0,391.2,256.2,187.2,1800,800,1200,9.0,2.0,4.0,72,0.7817584319999997
8f6cdeebd6a09f639e27ef1cbb567311,4.1,383.0,248.0,154.0,391.2,256.2,162.2,1800,800,1200,11.0,2.0,4.0,88,0.8278806946666666
8ff369b05ce8c21076793bc345e6ec1e,4.1,383.0,248.0,268.0,391.2,256.2,276.2,1800,800,1200,6.0,2.0,4.0,48,0.7689518479999998
952d7cb277c22fee189451276b46d536,4.1 mm,388.0,288.0,179.0,396.2,296.2,187.2,1800,800,1200,9.0,2.0,4.0,72,0.915364632
963709ce03639618149be23f8bb82ece,4.1,383.0,248.0,253.0,391.2,256.2,261.2,1800,800,1200,6.0,2.0,4.0,48,0.7271912479999998
9a88ed4806deaa5c9b3abac82886d23a,4.1mm,386.0,286.0,184.0,394.2,294.2,192.2,1800,800,1200,9.0,2.0,4.0,72,0.9287555669999998
9bad717e71278467a7e45ca1001c12ee,4.1,384.0,286.0,179.0,392.2,294.2,187.2,1800,800,1200,9.0,2.0,4.0,72,0.9000048719999999
9c72b7ef9f82b991ef05900066e9dc1b,4.8,380.0,282.0,271.0,389.6,291.6,280.6,1800,800,1200,6.0,2.0,4.0,48,0.8855062560000003
9d44d480026dfab07731a73d1d0c6539,4.1,388.0,288.0,283.0,396.2,296.2,291.2,1800,800,1200,6.0,2.0,4.0,48,0.9492670257777776
9dbb448086386afae3321dda0441c688,2.7,393.0,255.0,230.0,398.4,260.4,235.4,1800,800,1200,7.0,2.0,4.0,56,0.7914273546666666
a053806f0b23db27a17e90bf971c8a62,4.1,386.0,286.0,273.0,394.2,294.2,281.2,1800,800,1200,6.0,2.0,4.0,48,0.905882988
a12aea41ad9864b83129274495d5d5b2,4.1,388.0,288.0,184.0,396.2,296.2,192.2,1800,800,1200,9.0,2.0,4.0,72,0.9398134736666666
a130566667d4be7bb38053adaefea0af,2.7,393.0,255.0,204.0,398.4,260.4,209.4,1800,800,1200,8.0,2.0,4.0,64,0.804587392
a1c08078a73de9700accb1bfa9d293be,2.7,395.0,292.0,245.0,400.0,297.4,250.4,1800,800,1200,7.0,2.0,4.0,56,0.9653383703703702
a231d37bbfd765b2d130853c472c6f8c,4.8,379.0,246.0,212.0,388.6,255.6,221.6,1800,800,1200,8.0,2.0,4.0,64,0.8152102613333334
a23eeef1c0cd8cfd40b780d65382034a,4.1,386.0,286.0,303.0,394.2,294.2,311.2,1800,800,1200,5.0,2.0,4.0,40,0.8354397399999999
a2c4cc4e764be062aaefa64a99695dbe,2.7,395.0,296.0,301.0,400.0,301.4,306.4,1800,800,1200,5.0,2.0,3.0,30,0.6413122222222221
a49d6ed97efd5ce792072d9ef9acf630,4.6,378.0,245.0,235.0,387.2,254.2,244.2,1800,800,1200,7.0,2.0,4.0,56,0.7789343271111111
a555028b9dc4a080d444d0af6464279d,4.1,386.0,286.0,201.0,394.2,294.2,209.2,1800,800,1200,8.0,2.0,4.0,64,0.8985809439999999
a699f7e10a026261e599215bbbee0cbc,4.8,380.0,282.0,202.0,389.6,291.6,211.6,1800,800,1200,8.0,2.0,4.0,64,0.8903450880000001
a778b11e4e4ba54e29a39958cb07f4f2,2.7,395.0,296.0,168.0,400.0,301.4,173.4,1800,800,1200,10.0,2.0,3.0,60,0.7258716666666666
a7d151b83674a2f9c36356597a93821c,4.6,380.0,252.0,235.0,389.2,261.2,244.2,1800,800,1200,7.0,2.0,4.0,56,0.8045183471111111
a81b2225c037d3a9acb4e700a03958ae,4.1,386.0,286.0,232.0,394.2,294.2,240.2,1800,800,1200,7.0,2.0,4.0,,0.902768881
a864dfb999785d464e7867269d6489cb,"4,8",380.0,282.0,175.0,389.6,291.6,184.6,1800,800,1200,9.0,2.0,4.0,72,0.873829944
aaf392f3c544855a81cee5b4895b3983,4.8,380.0,282.0,256.0,389.6,291.6,265.6,1800,800,1200,6.0,2.0,4.0,48,0.8381698560000003
ab2be01db2336d90876b25f646f81b48,4.1,386.0,286.0,283.0,394.2,294.2,291.2,1800,800,1200,6.0,2.0,4.0,48,0.9380978879999998
ab79baee2357a91142d0c868d05f3c31,"4,1",383.0,248.0,258.0,391.2,256.2,266.2,1800,800,1200,6.0,2.0,4.0,48,0.7411114479999998
ac8b5267c6be652bd0aff43408408e79,4.1,388.0,288.0,209.0,396.2,296.2,217.2,1800,800,1200,8.0,2.0,4.0,64,0.9440512728888888
ad02b3d41b4467a5a65a742951a80e72,4.1,386.0,286.0,171.0,394.2,294.2,179.2,1800,800,1200,10.0,2.0,4.0,80,0.9621516799999998
ad23381bab48bad4640990fdc6a27c9b,4.1,383.0,248.0,229.0,391.2,256.2,237.2,1800,800,1200,7.0,2.0,4.0,56,0.7704366693333332
ad82db0ca04dc6e4f24560b7e49b6000,2.7,395.0,296.0,138.0,400.0,301.4,143.4,1800,800,1200,12.0,2.0,3.0,,0.720346
ad99ed562d5d808977b10fa512bfde8b,4.1,386.0,286.0,214.0,394.2,294.2,222.2,1800,800,1200,8.0,2.0,4.0,64,0.954420104
ae072ed4f441d6f7ab5283589778daca,2.7,393.0,255.0,184.0,398.4,260.4,189.4,1800,800,1200,9.0,2.0,4.0,72,0.8187080159999999
af25ed4a56d3b3317fc10fd23b427cc4,2.7,393.0,255.0,260.0,398.4,260.4,265.4,1800,800,1200,6.0,2.0,4.0,48,0.7648191039999996
b10375e57c7a7f209de7bf3aec5aa29f,4.1,386.0,286.0,268.0,394.2,294.2,276.2,1800,800,1200,6.0,2.0,4.0,48,0.8897755379999999
b104736a19fe0c796651c18805508482,4.1,383.0,248.0,209.0,391.2,256.2,217.2,1800,800,1200,8.0,2.0,4.0,64,0.8062579839999998
b1561453f5edf808c1c92eb2d0f45d38,2.7,393.0,255.0,321.0,398.4,260.4,326.4,1800,800,1200,5.0,2.0,4.0,,0.7838387199999998
b1fa69af5a250262387efec5b10a19ae,2.7,395.0,296.0,280.0,400.0,301.4,285.4,1800,800,1200,6.0,2.0,3.0,36,0.7168296666666667
b4d42409ba0a801454f8f3bc60d94ec1,4.1,388.0,288.0,293.0,396.2,296.2,301.2,1800,800,1200,5.0,2.0,4.0,40,0.8182212344444444
b5ff628fcb5e9885b7d13c5dd1ddd441,4.8,380.0,282.0,286.0,389.6,291.6,295.6,1800,800,1200,6.0,2.0,4.0,48,0.9328426560000004
b8f10d20eb7db7428c07c066fa1e4da0,2.7 mm,395.0,245.0,214.0,400.0,250.4,219.4,1800,800,1200,8.0,2.0,4.0,64,0.8138927407407407
b9470f0403af99853ed89bcf86be3235,4.1,383.0,248.0,194.0,391.2,256.2,202.2,1800,800,1200,8.0,2.0,4.0,,0.7505771839999998
bbc4a9c702728931b676523ffd513a75,4.1,384.0,284.0,179.0,392.2,292.2,187.2,1800,800,1200,9.0,2.0,4.0,72,0.8938865519999998
bdefb2124af27fa9ca0fa5d293a18aa4,4.1,386.0,286.0,209.0,394.2,294.2,217.2,1800,800,1200,8.0,2.0,4.0,64,0.932943504
bdfc62c15432bf98daa6314e01c97f4b,4.8,380.0,282.0,181.0,389.6,291.6,190.6,1800,800,1200,9.0,2.0,4.0,72,0.902231784
be032c6684b548fff0bd0e094da34f35,4.6,383.0,285.0,211.0,392.2,294.2,220.2,1800,800,1200,8.0,2.0,4.0,,0.941030735111111
beea47cc5f637c6fde9604c5cdd6c572,4.7,387.0,287.0,214.0,396.4,296.4,223.4,1800,800,1200,8.0,2.0,4.0,64,0.972145454222222
bf05ab5b9fe071ca604f12617c73c3ec,4.1,386.0,286.0,258.0,394.2,294.2,266.2,1800,800,1200,6.0,2.0,4.0,48,0.8575606379999998
bfcb33e665554321d0a93ce891eadb54,4.1,386.0,286.0,159.0,394.2,294.2,167.2,1800,800,1200,10.0,2.0,4.0,80,0.89772188
c36eddeb93ed1ad7e063fda32344745b,2.7,395.0,296.0,275.0,400.0,301.4,280.4,1800,800,1200,6.0,2.0,3.0,36,0.7042713333333334
c4661c6946240f8ff854e9255c97cbc9,4.1,388.0,288.0,353.0,396.2,296.2,361.2,1800,800,1200,4.0,2.0,4.0,32,0.7849708097777777
c61dafed9b7d2c7f917d4debf65896c1,4.1,386.0,286.0,263.0,394.2,294.2,271.2,1800,800,1200,6.0,2.0,4.0,48,0.873668088
c68517097037ec6420e21676ab2f1609,2.50,393.0,255.0,265.0,398.0,260.0,270.0,1800,800,1200,6.0,2.0,4.0,48,0.7761
c96df5913565ba35f3e02e744c9a6dde,2.7,395.0,296.0,224.0,400.0,301.4,229.4,1800,800,1200,7.0,2.0,3.0,42,0.6722057222222222
c98f51071fa8c135d7071023f6b23ac0,4.1,388.0,288.0,348.0,396.2,296.2,356.2,1800,800,1200,5.0,2.0,4.0,40,0.9676308224074074
c9eb200a8d16b9dc82e130d6874c099c,2.7,395.0,296.0,270.0,400.0,301.4,275.4,1800,800,1200,6.0,2.0,3.0,36,0.691713
cb9988b0557e22e3abc2bbe0a56967d0,4.1,386.0,286.0,169.0,394.2,294.2,177.2,1800,800,1200,10.0,2.0,4.0,80,0.95141338
cc0d190e9c91b2ee40868981c9f6d0f6,4.8,380.0,282.0,266.0,389.6,291.6,275.6,1800,800,1200,6.0,2.0,4.0,48,0.8697274560000002
cd9c1ebb698c60a0d79bc82cf70c2404,2.7,393.0,255.0,311.0,398.4,260.4,316.4,1800,800,1200,5.0,2.0,4.0,,0.7598240533333332
ce1ff894a22d25ca524b3e3a26227ec6,2.7,395.0,296.0,158.0,400.0,301.4,163.4,1800,800,1200,11.0,2.0,3.0,66,0.7524116111111111
ce9d9f5685ddf0df230b3137826b5cde,4.1,386.0,286.0,256.0,394.2,294.2,264.2,1800,800,1200,6.0,2.0,4.0,,0.8511176579999999
ceda63d824383fb94ca5e9bd08701d70,4.8,384.0,286.0,163.0,393.6,295.6,172.6,1800,800,1200,10.0,2.0,4.0,80,0.9297079822222222
cf4c068dfec055bf302e658d71c9c942,4.8,380.0,282.0,192.0,389.6,291.6,201.6,1800,800,1200,8.0,2.0,4.0,64,0.8482682880000002
d0098765b25906b02fe80a96f1e6e287,"2,5",395.0,296.0,255.0,400.0,301.0,260.0,1800,800,1200,6.0,2.0,3.0,36,0.6521666666666667
d26d5d6c9610627f969c12fa3f73a697,4.8,379.0,246.0,207.0,388.6,255.6,216.6,1800,800,1200,8.0,2.0,4.0,64,0.796816528
d31c61f54dfba12e6064bda2c75bc9f2,2.70,395.0,292.0,194.0,400.0,297.4,199.4,1800,800,1200,9.0,2.0,4.0,72,0.9883593333333334
d3d0a6587d8f983d383e032e2b9acacc,4.8,379.0,246.0,182.0,388.6,255.6,191.6,1800,800,1200,9.0,2.0,4.0,,0.7929538440000001
d57ede415e9b30ea0e94a15552298aa3,2.7,393.0,255.0,214.0,398.4,260.4,219.4,1800,800,1200,8.0,2.0,4.0,64,0.8430108586666666
d6e2cbc227acca3455d02367e9bd0b2b,2.7,395.0,294.0,214.0,400.0,299.4,219.4,1800,800,1200,8.0,2.0,4.0,64,0.9731608888888889
d85b31778b741c8bdb462d9f332e56d2,4.1,383.0,248.0,244.0,391.2,256.2,252.2,1800,800,1200,7.0,2.0,4.0,56,0.8191573693333333
d8d0e4bd0a27b5d4b00b32f474a5923a,4.8mm,379.0,246.0,251.0,388.6,255.6,260.6,1800,800,1200,6.0,2.0,4.0,48,0.7190110360000002
dc0b41c3254944ee2f8977c80dc8f455,4.5,391.0,292.0,172.0,400.0,301.0,181.0,1800,800,1200,9.0,2.0,3.0,,0.6810125
dcc42a5da445d56728ad8178bf5931e9,2.7,395.0,296.0,240.0,400.0,301.4,245.4,1800,800,1200,7.0,2.0,3.0,42,0.7190901666666667
ddc544b82bb095f53666029f60d7e482,4.5,391.0,296.0,173.0,400.0,305.0,182.0,1800,800,1200,9.0,2.0,3.0,,0.693875
ddc8f0c662924d5b7914ba35ddb1ebe4,2.7,395.0,294.0,250.0,400.0,299.4,255.4,1800,800,1200,7.0,2.0,4.0,56,0.9912357777777776
e205014ff79e36431f829f1fab46061c,4.1,388.0,288.0,273.0,396.2,296.2,281.2,1800,800,1200,6.0,2.0,4.0,,0.916668570222222
e67976152cc42ec69a300f4522f58632,2.7,393.0,255.0,255.0,398.4,260.4,260.4,1800,800,1200,6.0,2.0,4.0,48,0.7504103039999998
e70cd62d04659cbda3f1df24c7140e35,4.8,379.0,246.0,197.0,388.6,255.6,206.6,1800,800,1200,8.0,2.0,4.0,64,0.7600290613333334
e740f34d87ef8ba88af8bc4375aaebab,4.8,384.0,286.0,167.0,393.6,295.6,176.6,1800,800,1200,10.0,2.0,4.0,80,0.9512539377777778
e743e947473252606cfa14519dbf593b,2.7,393.0,255.0,291.0,398.4,260.4,296.4,1800,800,1200,6.0,2.0,4.0,48,0.8541536639999997
e86f3262de6efa8372f7a6e317b74e6b,4.1,386.0,286.0,144.0,394.2,294.2,152.2,1800,800,1200,11.0,2.0,4.0,88,0.8989030929999998
ea4f4880b999f6854b641f68b394c657,4.8,380.0,282.0,201.0,389.6,291.6,210.6,1800,800,1200,8.0,2.0,4.0,,0.8861374080000001
ea6403e25e3a52198dad19251c207a47,4.6 mm,380.0,252.0,245.0,389.2,261.2,254.2,1800,800,1200,7.0,2.0,4.0,56,0.8374634063703703
eb4895380ccaa410da0fefb6f12b197b,4.1,386.0,286.0,253.0,394.2,294.2,261.2,1800,800,1200,6.0,2.0,4.0,,0.8414531879999999
eb8c91d6266d086a541d9c7411a9d92f,4.1,388.0,288.0,149.0,396.2,296.2,157.2,1800,800,1200,11.0,2.0,4.0,88,0.939487489111111
ec50ec2078db5c1fbf57db09049b95f3,4.8,380.0,282.0,158.0,389.6,291.6,167.6,1800,800,1200,10.0,2.0,4.0,80,0.8815089600000001
edebe6dd9669ec03369694b6dbbd4c54,2.5,393.0,255.0,250.0,398.0,260.0,255.0,1800,800,1200,7.0,2.0,4.0,56,0.8551472222222222
ef2c4cbdd2be88c4d7a73fe0a429c842,4.6,378.0,245.0,245.0,387.2,254.2,254.2,1800,800,1200,7.0,2.0,4.0,,0.8108317197037036
f152ca1c81c447e9f47aac4e934dc6fc,4.8,380.0,282.0,163.0,389.6,291.6,172.6,1800,800,1200,10.0,2.0,4.0,80,0.90780696
f1efec47e48187c72213058375afab2c,2.7,395.0,296.0,286.0,400.0,301.4,291.4,1800,800,1200,6.0,2.0,3.0,,0.7318996666666666
f201c0669374a768669461ddff1643e4,"4,6",375.0,182.0,152.0,384.2,191.2,161.2,1800,800,1200,11.0,2.0,6.0,132,0.9045664564444444
f324c5af11a778e41d0ca8572b5187bb,4.1,384.0,286.0,184.0,392.2,294.2,192.2,1800,800,1200,9.0,2.0,4.0,72,0.9240434636666666
f95687311339e4b9b0ef5622b26fd941,2.7,393.0,255.0,209.0,398.4,260.4,214.4,1800,800,1200,8.0,2.0,4.0,64,0.8237991253333332
fa8da38322149b23e14a120e71d38975,2.7,393.0,255.0,235.0,398.4,260.4,240.4,1800,800,1200,7.0,2.0,4.0,56,0.8082376213333332
fc6931875b8384c7bacd18bb4699795f,2.7,393.0,255.0,219.0,398.4,260.4,224.4,1800,800,1200,8.0,2.0,4.0,64,0.862222592
fe503fe59c48da80878a0b8f7ad58dcb,4.1,383.0,248.0,204.0,391.2,256.2,212.2,1800,800,1200,8.0,2.0,4.0,,0.7876977173333333
fe7802fb3f92b710413a4de88233a3f7,4.1,388.0,288.0,174.0,396.2,296.2,182.2,1800,800,1200,9.0,2.0,4.0,72,0.8909157903333332
fea00d6f87d3f80808e9e8d1b501120a,2.7,395.0,296.0,184.0,400.0,301.4,189.4,1800,800,1200,9.0,2.0,3.0,,0.7135644999999998
