codigo_producto,volumen_producto_canal_servicios_comida,volumen_producto_canal_minorista,volumen_producto_canal_cadenas_corporativas,volumen_producto_canal_otros,volumen_producto_total,volumen_producto_planta_buenos_aires,volumen_producto_planta_curitiba,volumen_producto_planta_santiago,volumen_producto_planta_monterrey,volumen_producto_planta_bakersfield,cantidad_pallets_planta_buenos_aires,cantidad_pallets_planta_curitiba,cantidad_pallets_planta_santiago,cantidad_pallets_planta_monterrey,cantidad_pallets_planta_bakersfield,cantidad_pallets_total,costo_total_planta_buenos_aires,costo_total_planta_curitiba,costo_total_planta_santiago,costo_total_planta_monterrey,costo_total_planta_bakersfield,costo_pallets_planta_buenos_aires,costo_pallets_planta_curitiba,costo_pallets_planta_santiago,costo_pallets_planta_monterrey,costo_pallets_planta_bakersfield,costo_pallets_total,costo_total
BR0001,1537892,0,0,8721,1546613,0,1431746,26583,88284,0,0,35794,665,2208,0,38667,0.0,651444.43,17278.95,51646.14,0.0,0,5369100,99750,331200,0,5800050,720369.52
BR0002,0,139211,0,0,139211,0,139211,0,0,0,0,3867,0,0,0,3867,0.0,66821.28,0.0,0.0,0.0,0,580050,0,0,0,580050,66821.28
BR0003,0,172506,0,0,172506,0,0,0,0,172506,0,0,0,0,2157,2157,0.0,0.0,0.0,0.0,89703.12000000001,0,0,0,0,323550,323550,89703.12000000001
BR0004,0,271715,0,0,271715,0,0,0,0,271715,0,0,0,0,6470,6470,0.0,0.0,0.0,0.0,130423.2,0,0,0,0,970500,970500,130423.2
BR0005,0,7586,0,0,7586,0,7586,0,0,0,0,159,0,0,0,159,0.0,3944.72,0.0,0.0,0.0,0,23850,0,0,0,23850,3944.72
BR0006,0,6901,0,0,6901,0,6901,0,0,0,0,144,0,0,0,144,0.0,4934.215,0.0,0.0,0.0,0,21600,0,0,0,21600,4934.215
BR0007,0,46847,0,0,46847,0,46847,0,0,0,0,1302,0,0,0,1302,0.0,25297.38,0.0,0.0,0.0,0,195300,0,0,0,195300,25297.38
BR0008,14639,0,0,0,14639,14639,0,0,0,0,204,0,0,0,0,204,8563.814999999999,0.0,0.0,0.0,0.0,30600,0,0,0,0,30600,8563.814999999999
BR0009,18019,0,0,0,18019,2814,6406,4193,2112,2494,40,89,59,30,35,253,1280.37,2914.73,2997.995,1098.24,1783.2099999999998,6000,13350,8850,4500,5250,37950,10074.545
BR0010,24339,0,0,0,24339,0,24339,0,0,0,0,305,0,0,0,305,0.0,11074.245,0.0,0.0,0.0,0,45750,0,0,0,45750,11074.245
BR0011,13433,0,0,0,13433,0,0,13433,0,0,0,0,280,0,0,280,0.0,0.0,9604.595,0.0,0.0,0,0,42000,0,0,42000,9604.595
BR0012,1,281874,0,0,281875,0,0,0,0,281875,0,0,0,0,4405,4405,0.0,0.0,0.0,0.0,146575.0,0,0,0,0,660750,660750,146575.0
BR0013,1,153251,0,0,153252,0,153252,0,0,0,0,3649,0,0,0,3649,0.0,73560.95999999999,0.0,0.0,0.0,0,547350,0,0,0,547350,73560.95999999999
BR0014,1,56318,0,0,56319,0,0,0,0,56319,0,0,0,0,1006,1006,0.0,0.0,0.0,0.0,29285.88,0,0,0,0,150900,150900,29285.88
BR0015,0,30861,0,50,30911,0,0,0,0,30911,0,0,0,0,552,552,0.0,0.0,0.0,0.0,16073.72,0,0,0,0,82800,82800,16073.72
BR0016,0,30466,0,0,30466,0,0,0,0,30466,0,0,0,0,545,545,0.0,0.0,0.0,0.0,15842.32,0,0,0,0,81750,81750,15842.32
BR0017,1,131798,0,0,131799,0,131799,0,0,0,0,3139,0,0,0,3139,0.0,63263.52,0.0,0.0,0.0,0,470850,0,0,0,470850,63263.52
BR0018,1,181570,0,0,181571,0,0,0,0,181571,0,0,0,0,3783,3783,0.0,0.0,0.0,0.0,94416.92,0,0,0,0,567450,567450,94416.92
BR0019,0,1447,0,0,1447,0,1447,0,0,0,0,31,0,0,0,31,0.0,955.02,0.0,0.0,0.0,0,4650,0,0,0,4650,955.02
BR0020,91699,0,0,0,91699,70380,0,0,21319,0,1100,0,0,334,0,1434,38005.2,0.0,0.0,8953.98,0.0,165000,0,0,50100,0,215100,46959.18000000001
BR0021,40184,0,0,0,40184,40184,0,0,0,0,628,0,0,0,0,628,20895.68,0.0,0.0,0.0,0.0,94200,0,0,0,0,94200,20895.68
BR0022,14747,0,0,0,14747,14747,0,0,0,0,264,0,0,0,0,264,8848.199999999999,0.0,0.0,0.0,0.0,39600,0,0,0,0,39600,8848.199999999999
BR0023,13807,0,0,0,13807,0,13807,0,0,0,0,192,0,0,0,192,0.0,8077.094999999999,0.0,0.0,0.0,0,28800,0,0,0,28800,8077.094999999999
BR0024,3004,0,0,0,3004,0,0,3004,0,0,0,0,54,0,0,54,0.0,0.0,1261.68,0.0,0.0,0,0,8100,0,0,8100,1261.68
BR0025,59324,78002,1926,639,139891,44072,0,0,95819,0,613,0,0,1331,0,1944,20052.76,0.0,0.0,49825.880000000005,0.0,91950,0,0,199650,0,291600,69878.64000000001
BR0026,109226,0,0,0,109226,68302,0,0,40924,0,1220,0,0,731,0,1951,35517.04,0.0,0.0,26600.6,0.0,183000,0,0,109650,0,292650,62117.64
BR0027,82289,0,0,0,82289,82289,0,0,0,0,1029,0,0,0,0,1029,42790.28,0.0,0.0,0.0,0.0,154350,0,0,0,0,154350,42790.28
BR0028,3136,0,0,0,3136,3136,0,0,0,0,56,0,0,0,0,56,2242.24,0.0,0.0,0.0,0.0,8400,0,0,0,0,8400,2242.24
BR0029,86631,0,0,0,86631,86631,0,0,0,0,1083,0,0,0,0,1083,45048.12,0.0,0.0,0.0,0.0,162450,0,0,0,0,162450,45048.12
BR0030,0,22233,0,6900,29133,0,29133,0,0,0,0,405,0,0,0,405,0.0,20393.1,0.0,0.0,0.0,0,60750,0,0,0,60750,20393.1
BR0031,13965,0,0,0,13965,13965,0,0,0,0,175,0,0,0,0,175,9984.975,0.0,0.0,0.0,0.0,26250,0,0,0,0,26250,9984.975
BR0032,14194,0,0,0,14194,14194,0,0,0,0,178,0,0,0,0,178,10148.71,0.0,0.0,0.0,0.0,26700,0,0,0,0,26700,10148.71
BR0033,41585,23378,0,0,64963,64963,0,0,0,0,903,0,0,0,0,903,38003.355,0.0,0.0,0.0,0.0,135450,0,0,0,0,135450,38003.355
BR0034,0,730326,0,0,730326,0,617364,112962,0,0,0,8575,1569,0,0,10144,0.0,302508.36,63258.72000000001,0.0,0.0,0,1286250,235350,0,0,1521600,365767.08
BR0035,15862,0,0,0,15862,15862,0,0,0,0,331,0,0,0,0,331,9517.2,0.0,0.0,0.0,0.0,49650,0,0,0,0,49650,9517.2
BR0036,27685,0,0,0,27685,11088,0,0,16597,0,139,0,0,208,0,347,8537.76,0.0,0.0,12779.69,0.0,20850,0,0,31200,0,52050,21317.45
BR0037,3201,0,62939,0,66140,0,0,66140,0,0,0,0,1182,0,0,1182,0.0,0.0,35715.600000000006,0.0,0.0,0,0,177300,0,0,177300,35715.600000000006
BR0038,31584,0,0,0,31584,0,31584,0,0,0,0,564,0,0,0,564,0.0,13265.28,0.0,0.0,0.0,0,84600,0,0,0,84600,13265.28
BR0039,23517,0,6,0,23523,0,23523,0,0,0,0,421,0,0,0,421,0.0,9879.66,0.0,0.0,0.0,0,63150,0,0,0,63150,9879.66
BR0040,0,0,12725,0,12725,0,12725,0,0,0,0,228,0,0,0,228,0.0,5344.5,0.0,0.0,0.0,0,34200,0,0,0,34200,5344.5
BR0041,0,0,43428,0,43428,0,43428,0,0,0,0,776,0,0,0,776,0.0,18239.76,0.0,0.0,0.0,0,116400,0,0,0,116400,18239.76
BR0042,31809,0,0,0,31809,0,31809,0,0,0,0,442,0,0,0,442,0.0,13359.78,0.0,0.0,0.0,0,66300,0,0,0,66300,13359.78
BR0043,11771,0,0,0,11771,11771,0,0,0,0,134,0,0,0,0,134,8239.699999999999,0.0,0.0,0.0,0.0,20100,0,0,0,0,20100,8239.699999999999
BR0044,2256,0,0,0,2256,2256,0,0,0,0,26,0,0,0,0,26,1579.1999999999998,0.0,0.0,0.0,0.0,3900,0,0,0,0,3900,1579.1999999999998
BR0045,13225,0,0,0,13225,13225,0,0,0,0,101,0,0,0,0,101,9257.5,0.0,0.0,0.0,0.0,15150,0,0,0,0,15150,9257.5
BR0046,8665,0,0,0,8665,8665,0,0,0,0,99,0,0,0,0,99,6065.5,0.0,0.0,0.0,0.0,14850,0,0,0,0,14850,6065.5
BR0047,2166,0,0,0,2166,2166,0,0,0,0,25,0,0,0,0,25,1516.1999999999998,0.0,0.0,0.0,0.0,3750,0,0,0,0,3750,1516.1999999999998
BR0048,133,28,59,2,222,35,79,51,26,31,1,2,1,1,1,6,19.6,60.83,39.27,20.02,23.87,150,300,150,150,150,900,163.59000000000003
BR0049,4328,0,0,0,4328,4328,0,0,0,0,78,0,0,0,0,78,2726.64,0.0,0.0,0.0,0.0,11700,0,0,0,0,11700,2726.64
BR0050,9242,0,0,0,9242,9242,0,0,0,0,166,0,0,0,0,166,7116.34,0.0,0.0,0.0,0.0,24900,0,0,0,0,24900,7116.34
BR0051,135,28,60,2,225,35,80,52,27,31,1,2,1,1,1,6,22.05,61.6,40.04,20.79,23.87,150,300,150,150,150,900,168.35
BR0052,68844,0,0,0,68844,68844,0,0,0,0,1230,0,0,0,0,1230,38552.64000000001,0.0,0.0,0.0,0.0,184500,0,0,0,0,184500,38552.64000000001
BR0053,2320,0,0,0,2320,2320,0,0,0,0,42,0,0,0,0,42,1786.4,0.0,0.0,0.0,0.0,6300,0,0,0,0,6300,1786.4
BR0054,42687,0,0,0,42687,42687,0,0,0,0,763,0,0,0,0,763,26892.81,0.0,0.0,0.0,0.0,114450,0,0,0,0,114450,26892.81
BR0055,74368,0,0,0,74368,74368,0,0,0,0,1328,0,0,0,0,1328,41646.08,0.0,0.0,0.0,0.0,199200,0,0,0,0,199200,41646.08
BR0056,15355,0,0,0,15355,15355,0,0,0,0,275,0,0,0,0,275,8598.800000000001,0.0,0.0,0.0,0.0,41250,0,0,0,0,41250,8598.800000000001
BR0057,23499,0,0,0,23499,23499,0,0,0,0,420,0,0,0,0,420,16449.3,0.0,0.0,0.0,0.0,63000,0,0,0,0,63000,16449.3
BR0058,7710,0,0,0,7710,7710,0,0,0,0,59,0,0,0,0,59,5397.0,0.0,0.0,0.0,0.0,8850,0,0,0,0,8850,5397.0
BR0059,4286,0,0,0,4286,4286,0,0,0,0,77,0,0,0,0,77,2700.18,0.0,0.0,0.0,0.0,11550,0,0,0,0,11550,2700.18
BR0060,28971,0,0,0,28971,28971,0,0,0,0,518,0,0,0,0,518,18251.73,0.0,0.0,0.0,0.0,77700,0,0,0,0,77700,18251.73
BR0061,4504,0,0,0,4504,4504,0,0,0,0,81,0,0,0,0,81,2837.52,0.0,0.0,0.0,0.0,12150,0,0,0,0,12150,2837.52
BR0062,6025,0,0,0,6025,6025,0,0,0,0,108,0,0,0,0,108,3795.75,0.0,0.0,0.0,0.0,16200,0,0,0,0,16200,3795.75
BR0063,11555,0,0,0,11555,11555,0,0,0,0,207,0,0,0,0,207,7279.65,0.0,0.0,0.0,0.0,31050,0,0,0,0,31050,7279.65
BR0064,14837,0,0,0,14837,14837,0,0,0,0,265,0,0,0,0,265,9347.31,0.0,0.0,0.0,0.0,39750,0,0,0,0,39750,9347.31
BR0065,96294,0,0,0,96294,0,0,0,0,96294,0,0,0,0,1204,1204,0.0,0.0,0.0,0.0,50072.880000000005,0,0,0,0,180600,180600,50072.880000000005
BR0066,59101,0,0,0,59101,0,0,0,0,59101,0,0,0,0,739,739,0.0,0.0,0.0,0.0,34574.085,0,0,0,0,110850,110850,34574.085
BR0067,0,17211,0,0,17211,0,17211,0,0,0,0,308,0,0,0,308,0.0,8261.279999999999,0.0,0.0,0.0,0,46200,0,0,0,46200,8261.279999999999
BR0068,0,40139,0,0,40139,0,0,40139,0,0,0,0,628,0,0,628,0.0,0.0,26090.35,0.0,0.0,0,0,94200,0,0,94200,26090.35
BR0069,50453,0,0,0,50453,0,7848,0,42605,0,0,123,0,666,0,789,0.0,5179.68,0.0,23006.7,0.0,0,18450,0,99900,0,118350,28186.38
BR0070,34374,0,0,0,34374,0,11465,0,22909,0,0,180,0,358,0,538,0.0,5503.2,0.0,9621.78,0.0,0,27000,0,53700,0,80700,15124.98
BR0071,0,38905,0,0,38905,38905,0,0,0,0,608,0,0,0,0,608,18674.4,0.0,0.0,0.0,0.0,91200,0,0,0,0,91200,18674.4
BR0072,0,41795,0,0,41795,41795,0,0,0,0,654,0,0,0,0,654,20061.6,0.0,0.0,0.0,0.0,98100,0,0,0,0,98100,20061.6
BR0073,0,28834,0,0,28834,0,0,0,0,28834,0,0,0,0,361,361,0.0,0.0,0.0,0.0,14993.68,0,0,0,0,54150,54150,14993.68
BR0074,0,26579,0,0,26579,0,26579,0,0,0,0,633,0,0,0,633,0.0,15947.4,0.0,0.0,0.0,0,94950,0,0,0,94950,15947.4
BR0075,0,21503,0,0,21503,0,21503,0,0,0,0,598,0,0,0,598,0.0,10321.44,0.0,0.0,0.0,0,89700,0,0,0,89700,10321.44
BR0076,34665,0,0,0,34665,5413,12325,8066,4063,4798,68,155,101,51,60,435,3572.5800000000004,6655.5,4839.599999999999,2681.58,3166.6800000000003,10200,23250,15150,7650,9000,65250,20915.94
BR0077,668048,0,214076,0,882124,0,0,882124,0,0,0,0,18378,0,0,18378,0.0,0.0,401366.42,0.0,0.0,0,0,2756700,0,0,2756700,401366.42
BR0078,9556,0,1144369,0,1153925,0,0,1153925,0,0,0,0,32054,0,0,32054,0.0,0.0,484648.5,0.0,0.0,0,0,4808100,0,0,4808100,484648.5
BR0079,0,34751,0,0,34751,0,0,34751,0,0,0,0,724,0,0,724,0.0,0.0,16680.48,0.0,0.0,0,0,108600,0,0,108600,16680.48
BR0080,0,25092,0,0,25092,0,0,25092,0,0,0,0,523,0,0,523,0.0,0.0,13549.68,0.0,0.0,0,0,78450,0,0,78450,13549.68
BR0081,0,4121,0,0,4121,0,4121,0,0,0,0,86,0,0,0,86,0.0,2719.86,0.0,0.0,0.0,0,12900,0,0,0,12900,2719.86
BR0082,0,39328,0,0,39328,0,4555,34773,0,0,0,127,966,0,0,1093,0.0,3006.3,20863.8,0.0,0.0,0,19050,144900,0,0,163950,23870.1
BR0083,0,70617,0,0,70617,0,0,70617,0,0,0,0,1962,0,0,1962,0.0,0.0,29659.14,0.0,0.0,0,0,294300,0,0,294300,29659.14
BR0084,0,24454,0,0,24454,0,0,24454,0,0,0,0,510,0,0,510,0.0,0.0,11737.92,0.0,0.0,0,0,76500,0,0,76500,11737.92
BR0085,0,17199,0,0,17199,0,2066,15133,0,0,0,44,316,0,0,360,0.0,1363.5600000000002,8171.820000000001,0.0,0.0,0,6600,47400,0,0,54000,9535.38
BR0086,0,32651,0,0,32651,0,0,32651,0,0,0,0,584,0,0,584,0.0,0.0,21223.15,0.0,0.0,0,0,87600,0,0,87600,21223.15
BR0087,0,16019,0,0,16019,0,16019,0,0,0,0,251,0,0,0,251,0.0,9371.115,0.0,0.0,0.0,0,37650,0,0,0,37650,9371.115
BR0088,0,10654,0,0,10654,0,0,10654,0,0,0,0,191,0,0,191,0.0,0.0,4474.679999999999,0.0,0.0,0,0,28650,0,0,28650,4474.679999999999
BR0089,33240,0,0,0,33240,0,33240,0,0,0,0,594,0,0,0,594,0.0,21606.0,0.0,0.0,0.0,0,89100,0,0,0,89100,21606.0
BR0090,53180,0,0,0,53180,0,0,0,53180,0,0,0,0,831,0,831,0.0,0.0,0.0,31110.3,0.0,0,0,0,124650,0,124650,31110.3
BR0091,35060,0,0,0,35060,0,0,0,35060,0,0,0,0,548,0,548,0.0,0.0,0.0,22789.0,0.0,0,0,0,82200,0,82200,22789.0
BR0092,994936,2,29,352,995319,0,367465,0,99701,528153,0,6562,0,1781,9432,17775,0.0,176383.19999999998,0.0,41874.42,221824.26,0,984300,0,267150,1414800,2666250,440081.88
BR0092XL,975733,2,29,345,976109,0,360373,0,97776,517960,0,6436,0,1746,9250,17432,0.0,172979.04,0.0,52799.04,217543.2,0,965400,0,261900,1387500,2614800,443321.28
BR0093,1344858,1,0,771,1345630,0,0,0,1345630,0,0,0,0,24030,0,24030,0.0,0.0,0.0,565164.6,0.0,0,0,0,3604500,0,3604500,565164.6
BR0094,2580970,0,391,11548,2592909,0,789405,52684,1173993,576827,0,14097,941,20965,10301,46304,0.0,331550.1,25288.32,493077.06,242267.34,0,2114550,141150,3144750,1545150,6945600,1092182.82
BR0095,654373,0,0,6544,660917,0,0,0,660917,0,0,0,0,11803,0,11803,0.0,0.0,0.0,277585.14,0.0,0,0,0,1770450,0,1770450,277585.14
BR0096,421303,0,0,4226,425529,0,123907,0,301622,0,0,1937,0,4713,0,6650,0.0,59475.36,0.0,126681.24,0.0,0,290550,0,706950,0,997500,186156.6
BR0097,137695,0,0,0,137695,0,22469,0,115226,0,0,352,0,1801,0,2153,0.0,15728.3,0.0,64526.560000000005,0.0,0,52800,0,270150,0,322950,80254.86
BR0098,342718,0,0,0,342718,0,85883,0,256835,0,0,1342,0,4014,0,5356,0.0,46376.82,0.0,107870.7,0.0,0,201300,0,602100,0,803400,154247.52
BR0099,64345,0,0,0,64345,0,0,0,64345,0,0,0,0,1006,0,1006,0.0,0.0,0.0,33459.4,0.0,0,0,0,150900,0,150900,33459.4
BR0100,78594,0,0,0,78594,78594,0,0,0,0,1092,0,0,0,0,1092,49514.22,0.0,0.0,0.0,0.0,163800,0,0,0,0,163800,49514.22
BR0101,22584,0,0,0,22584,22584,0,0,0,0,314,0,0,0,0,314,15808.8,0.0,0.0,0.0,0.0,47100,0,0,0,0,47100,15808.8
BR0102,26836,0,0,0,26836,0,26836,0,0,0,0,497,0,0,0,497,0.0,14491.44,0.0,0.0,0.0,0,74550,0,0,0,74550,14491.44
BR0103,12945,42798,155,6025,61923,61923,0,0,0,0,968,0,0,0,0,968,39011.49,0.0,0.0,0.0,0.0,145200,0,0,0,0,145200,39011.49
BR0104,147015,0,0,0,147015,147015,0,0,0,0,2298,0,0,0,0,2298,76447.8,0.0,0.0,0.0,0.0,344700,0,0,0,0,344700,76447.8
BR0105,1002414,0,1783,0,1004197,304156,700041,0,0,0,4225,9723,0,0,0,13948,138390.98,318518.655,0.0,0.0,0.0,633750,1458450,0,0,0,2092200,456909.635
BR0106,12591,0,1,0,12592,0,0,12592,0,0,0,0,225,0,0,225,0.0,0.0,9003.279999999999,0.0,0.0,0,0,33750,0,0,33750,9003.279999999999
BR0107,80644,0,0,922,81566,0,0,81566,0,0,0,0,1457,0,0,1457,0.0,0.0,47716.11,0.0,0.0,0,0,218550,0,0,218550,47716.11
BR0108,0,11355,0,0,11355,0,11355,0,0,0,0,379,0,0,0,379,0.0,7494.3,0.0,0.0,0.0,0,56850,0,0,0,56850,7494.3
BR0109,0,17891,0,0,17891,0,17891,0,0,0,0,597,0,0,0,597,0.0,11808.06,0.0,0.0,0.0,0,89550,0,0,0,89550,11808.06
BR0110,126269,0,0,0,126269,0,0,0,126269,0,0,0,0,2255,0,2255,0.0,0.0,0.0,53032.98,0.0,0,0,0,338250,0,338250,53032.98
BR0111,214237,0,0,0,214237,0,47356,0,166881,0,0,740,0,2608,0,3348,0.0,22730.88,0.0,70090.02,0.0,0,111000,0,391200,0,502200,92820.9
BR0112,23107,0,0,0,23107,0,0,0,23107,0,0,0,0,362,0,362,0.0,0.0,0.0,9704.94,0.0,0,0,0,54300,0,54300,9704.94
BR0113,7783,0,0,0,7783,0,0,0,0,7783,0,0,0,0,163,163,0.0,0.0,0.0,0.0,5564.844999999999,0,0,0,0,24450,24450,5564.844999999999
BR0114,9070,0,0,0,9070,9070,0,0,0,0,252,0,0,0,0,252,5986.200000000001,0.0,0.0,0.0,0.0,37800,0,0,0,0,37800,5986.200000000001
BR0115,51630,0,0,0,51630,0,0,51630,0,0,0,0,1076,0,0,1076,0.0,0.0,23491.65,0.0,0.0,0,0,161400,0,0,161400,23491.65
BR0116,6730,0,0,0,6730,0,6730,0,0,0,0,85,0,0,0,85,0.0,3062.15,0.0,0.0,0.0,0,12750,0,0,0,12750,3062.15
BR0117,28815,0,0,0,28815,0,0,28815,0,0,0,0,601,0,0,601,0.0,0.0,13110.825,0.0,0.0,0,0,90150,0,0,90150,13110.825
BR0118,0,16633,0,0,16633,0,16633,0,0,0,0,347,0,0,0,347,0.0,8981.82,0.0,0.0,0.0,0,52050,0,0,0,52050,8981.82
BR0119,19719,0,15880,0,35599,0,0,35599,0,0,0,0,660,0,0,660,0.0,0.0,21359.4,0.0,0.0,0,0,99000,0,0,99000,21359.4
BR0120,439,0,0,0,439,439,0,0,0,0,8,0,0,0,0,8,338.03000000000003,0.0,0.0,0.0,0.0,1200,0,0,0,0,1200,338.03000000000003
BR0121,0,12373,0,0,12373,0,12373,0,0,0,0,310,0,0,0,310,0.0,8846.695,0.0,0.0,0.0,0,46500,0,0,0,46500,8846.695
BR0122,0,14021,0,0,14021,0,14021,0,0,0,0,468,0,0,0,468,0.0,8412.6,0.0,0.0,0.0,0,70200,0,0,0,70200,8412.6
BR0123,1,9195,0,0,9196,0,0,0,0,9196,0,0,0,0,192,192,0.0,0.0,0.0,0.0,6575.139999999999,0,0,0,0,28800,28800,6575.139999999999
BR0124,0,12307,0,0,12307,0,12307,0,0,0,0,411,0,0,0,411,0.0,7384.2,0.0,0.0,0.0,0,61650,0,0,0,61650,7384.2
BR0125,16473,0,0,0,16473,0,4057,12416,0,0,0,64,194,0,0,258,0.0,3123.89,7822.08,0.0,0.0,0,9600,29100,0,0,38700,10945.97
BR0126,0,58942,0,0,58942,58942,0,0,0,0,1228,0,0,0,0,1228,37133.46,0.0,0.0,0.0,0.0,184200,0,0,0,0,184200,37133.46
BR0127,0,67606,0,0,67606,0,0,67606,0,0,0,0,1057,0,0,1057,0.0,0.0,42591.78,0.0,0.0,0,0,158550,0,0,158550,42591.78
BR0128,5523,0,0,0,5523,0,0,0,5523,0,0,0,0,87,0,87,0.0,0.0,0.0,2319.66,0.0,0,0,0,13050,0,13050,2319.66
BR0129,2589,0,0,0,2589,0,0,0,2589,0,0,0,0,41,0,41,0.0,0.0,0.0,1087.38,0.0,0,0,0,6150,0,6150,1087.38
BR0130,0,116047,0,0,116047,0,116047,0,0,0,0,2764,0,0,0,2764,0.0,55702.56,0.0,0.0,0.0,0,414600,0,0,0,414600,55702.56
BR0131,0,49927,0,0,49927,0,0,0,0,49927,0,0,0,0,1387,1387,0.0,0.0,0.0,0.0,29956.2,0,0,0,0,208050,208050,29956.2
BR0132,44079,0,0,0,44079,6883,15672,10257,5166,6101,123,280,184,93,109,789,4542.780000000001,9403.2,6769.62,3409.56,4026.66,18450,42000,27600,13950,16350,118350,28151.82
BR0133,17249,0,117,0,17366,2712,6174,4041,2035,2404,49,111,73,37,43,313,1789.92,3704.4,2667.06,1343.1,1586.64,7350,16650,10950,5550,6450,46950,11091.12
BR0134,0,0,913986,1620,915606,827898,0,87708,0,0,17248,0,1828,0,0,19076,376693.59,0.0,51309.18,0.0,0.0,2587200,0,274200,0,0,2861400,428002.77
BR0135,1,0,46668,0,46669,46669,0,0,0,0,973,0,0,0,0,973,30334.85,0.0,0.0,0.0,0.0,145950,0,0,0,0,145950,30334.85
BR0136,2,0,175960,0,175962,101927,74035,0,0,0,2124,1543,0,0,0,3667,57079.12,46642.05,0.0,0.0,0.0,318600,231450,0,0,0,550050,103721.17
BR0136XL,2,0,188628,0,188630,109265,79365,0,0,0,2277,1654,0,0,0,3931,61188.40000000001,49999.95,0.0,0.0,0.0,341550,248100,0,0,0,589650,111188.35
BR0137,591,0,371434,676,372701,0,347390,25311,0,0,0,8685,633,0,0,9318,0.0,166747.19999999998,15186.6,0.0,0.0,0,1302750,94950,0,0,1397700,181933.8
BR0138,1754,0,0,0,1754,1754,0,0,0,0,20,0,0,0,0,20,1227.8,0.0,0.0,0.0,0.0,3000,0,0,0,0,3000,1227.8
BR0139,68737,640,2371,0,71748,0,71748,0,0,0,0,1993,0,0,0,1993,0.0,38743.920000000006,0.0,0.0,0.0,0,298950,0,0,0,298950,38743.920000000006
BR0140,0,16510,0,0,16510,0,16510,0,0,0,0,295,0,0,0,295,0.0,8585.2,0.0,0.0,0.0,0,44250,0,0,0,44250,8585.2
BR0141,0,57749,0,0,57749,0,57749,0,0,0,0,1032,0,0,0,1032,0.0,30029.48,0.0,0.0,0.0,0,154800,0,0,0,154800,30029.48
BR0142,29780,0,0,0,29780,0,29780,0,0,0,0,745,0,0,0,745,0.0,19357.0,0.0,0.0,0.0,0,111750,0,0,0,111750,19357.0
BR0143,1,0,280408,0,280409,0,0,0,280409,0,0,0,0,5842,0,5842,0.0,0.0,0.0,157029.04,0.0,0,0,0,876300,0,876300,157029.04
BR0144,145057,0,142,0,145199,0,0,0,145199,0,0,0,0,2269,0,2269,0.0,0.0,0.0,81311.44,0.0,0,0,0,340350,0,340350,81311.44
BR0145,75881,0,6659,0,82540,0,54263,4459,23818,0,0,754,62,331,0,1147,0.0,31743.855,3188.185,15481.7,0.0,0,113100,9300,49650,0,172050,50413.740000000005
BR0146,72723,0,612,0,73335,0,16673,0,56662,0,0,309,0,1050,0,1359,0.0,11921.195,0.0,33147.27,0.0,0,46350,0,157500,0,203850,45068.465
BR0147,848709,0,5662,521,854892,0,546731,308161,0,0,0,8543,4816,0,0,13359,0.0,248762.605,160243.72,0.0,0.0,0,1281450,722400,0,0,2003850,409006.325
BR0148,270283,0,53794,711,324788,0,192086,132702,0,0,0,2668,1844,0,0,4512,0.0,99884.72,69005.04000000001,0.0,0.0,0,400200,276600,0,0,676800,168889.76
BR0149,36155,0,0,0,36155,0,0,36155,0,0,0,0,503,0,0,503,0.0,0.0,21150.675,0.0,0.0,0,0,75450,0,0,75450,21150.675
BR0150,119670,0,14610,0,134280,0,104569,29711,0,0,0,1634,465,0,0,2099,0.0,54375.880000000005,19312.15,0.0,0.0,0,245100,69750,0,0,314850,73688.03
BR0151,9270,0,86155,0,95425,0,0,95425,0,0,0,0,1705,0,0,1705,0.0,0.0,43418.375,0.0,0.0,0,0,255750,0,0,255750,43418.375
BR0152,118353,0,0,0,118353,0,0,118353,0,0,0,0,1850,0,0,1850,0.0,0.0,61543.560000000005,0.0,0.0,0,0,277500,0,0,277500,61543.560000000005
BR0153,157859,0,15345,0,173204,0,0,173204,0,0,0,0,3093,0,0,3093,0.0,0.0,90066.08,0.0,0.0,0,0,463950,0,0,463950,90066.08
BR0154,172895,0,9735,0,182630,0,106658,75972,0,0,0,1667,1188,0,0,2855,0.0,48529.39,39505.44,0.0,0.0,0,250050,178200,0,0,428250,88034.83
BR0155,17826,0,36184,0,54010,0,54010,0,0,0,0,844,0,0,0,844,0.0,31595.85,0.0,0.0,0.0,0,126600,0,0,0,126600,31595.85
BR0156,7162,0,8786,0,15948,0,0,15948,0,0,0,0,222,0,0,222,0.0,0.0,9329.58,0.0,0.0,0,0,33300,0,0,33300,9329.58
BR0157,145653,0,311710,0,457363,0,0,457363,0,0,0,0,9529,0,0,9529,0.0,0.0,208100.165,0.0,0.0,0,0,1429350,0,0,1429350,208100.165
BR0158,14567,0,3885,0,18452,0,18452,0,0,0,0,231,0,0,0,231,0.0,10794.42,0.0,0.0,0.0,0,34650,0,0,0,34650,10794.42
BR0159,210670,0,116562,0,327232,0,327232,0,0,0,0,4091,0,0,0,4091,0.0,148890.56,0.0,0.0,0.0,0,613650,0,0,0,613650,148890.56
BR0160,83389,0,76978,0,160367,0,160367,0,0,0,0,2005,0,0,0,2005,0.0,72966.985,0.0,0.0,0.0,0,300750,0,0,0,300750,72966.985
BR0161,20307,0,3310,0,23617,3688,8397,5495,2768,3269,52,117,77,39,46,331,2636.92,4366.4400000000005,2857.4,1979.12,2337.335,7800,17550,11550,5850,6900,49650,14177.215
BR0162,25936,0,85023,0,110959,110959,0,0,0,0,1982,0,0,0,0,1982,62137.04000000001,0.0,0.0,0.0,0.0,297300,0,0,0,0,297300,62137.04000000001
BR0163,54508,0,1126,0,55634,0,55634,0,0,0,0,870,0,0,0,870,0.0,32545.89,0.0,0.0,0.0,0,130500,0,0,0,130500,32545.89
BR0164,8674,0,173,0,8847,0,8847,0,0,0,0,101,0,0,0,101,0.0,6325.605,0.0,0.0,0.0,0,15150,0,0,0,15150,6325.605
BR0165,202,0,12284,0,12486,12486,0,0,0,0,196,0,0,0,0,196,9614.22,0.0,0.0,0.0,0.0,29400,0,0,0,0,29400,9614.22
BR0166,20501,0,9443,0,29944,4676,10646,6968,3509,4145,54,121,80,40,48,343,3343.34,7611.889999999999,4982.12,2508.935,2155.4,8100,18150,12000,6000,7200,51450,20601.685
BR0167,3705,0,0,0,3705,579,1317,862,434,513,9,20,14,7,8,58,382.14,869.22,568.9200000000001,286.44,338.58000000000004,1350,3000,2100,1050,1200,8700,2445.3
BR0168,43270,0,2963,3548,49781,7774,17699,11584,5834,6890,122,277,181,92,108,780,5558.41,12654.785,8282.56,4171.31,4926.349999999999,18300,41550,27150,13800,16200,117000,35593.41499999999
BR0169,20013,0,910,0,20923,20923,0,0,0,0,327,0,0,0,0,327,14646.1,0.0,0.0,0.0,0.0,49050,0,0,0,0,49050,14646.1
BR0170,4129,0,3241,0,7370,1151,2620,1715,864,1020,14,30,20,10,12,86,822.9649999999999,1873.3,1226.225,617.76,530.4,2100,4500,3000,1500,1800,12900,5070.65
BR0171,1310,0,53620,0,54930,0,54930,0,0,0,0,687,0,0,0,687,0.0,34605.9,0.0,0.0,0.0,0,103050,0,0,0,103050,34605.9
BR0172,39018,0,0,0,39018,0,24528,14490,0,0,0,438,259,0,0,697,0.0,14348.88,6592.95,0.0,0.0,0,65700,38850,0,0,104550,20941.83
BR0173,329481,0,0,0,329481,0,216546,112935,0,0,0,3384,1765,0,0,5149,0.0,112603.92,58726.2,0.0,0.0,0,507600,264750,0,0,772350,171330.12
BR0174,49557,0,0,0,49557,0,49557,0,0,0,0,620,0,0,0,620,0.0,22548.435,0.0,0.0,0.0,0,93000,0,0,0,93000,22548.435
BR0175,18028,0,0,0,18028,0,18028,0,0,0,0,376,0,0,0,376,0.0,8202.74,0.0,0.0,0.0,0,56400,0,0,0,56400,8202.74
BR0176,1,0,18641,0,18642,2911,6628,4338,2185,2580,37,83,55,28,33,236,1921.26,3579.1200000000003,2602.8,1442.1,1702.8000000000002,5550,12450,8250,4200,4950,35400,11248.080000000002
BR0177,2754,0,0,0,2754,430,979,641,323,381,6,13,9,5,5,38,283.8,528.6600000000001,384.6,213.18,251.46,900,1950,1350,750,750,5700,1661.7
BR0178,69953,0,5263,0,75216,11746,26742,17502,8815,10411,147,335,219,111,131,943,7047.599999999999,14440.68,9451.08,5289.0,6246.599999999999,22050,50250,32850,16650,19650,141450,42474.96
BR0179,10579,0,15920,0,26499,4138,9421,6166,3106,3668,48,108,71,36,42,305,3186.26,7254.17,4747.82,2391.62,2824.36,7200,16200,10650,5400,6300,45750,20404.23
BR0180,34641,0,0,0,34641,5409,12316,8061,4060,4795,68,154,101,51,60,434,3569.94,6650.64,4836.599999999999,2679.6,3164.7000000000003,10200,23100,15150,7650,9000,65100,20901.48
BR0181,32220,0,190,0,32410,5061,11523,7542,3798,4486,64,145,95,48,57,409,3340.26,6222.42,4525.2,2506.6800000000003,2960.76,9600,21750,14250,7200,8550,61350,19555.32
BR0182,333606,0,1,5154,338761,52901,120441,78828,39703,46888,945,2151,1408,709,838,6051,28566.54,57811.68,42567.12,23821.8,28132.8,141750,322650,211200,106350,125700,907650,180899.94
BR0183,38855,0,0,0,38855,0,0,38855,0,0,0,0,608,0,0,608,0.0,0.0,20981.7,0.0,0.0,0,0,91200,0,0,91200,20981.7
BR0184,5895,0,0,0,5895,0,3230,2665,0,0,0,51,42,0,0,93,0.0,2309.45,1905.475,0.0,0.0,0,7650,6300,0,0,13950,4214.924999999999
BR0185,47249,0,0,0,47249,0,0,47249,0,0,0,0,985,0,0,985,0.0,0.0,19844.58,0.0,0.0,0,0,147750,0,0,147750,19844.58
BR0186,79869,0,2,0,79871,0,2196,77675,0,0,0,35,1214,0,0,1249,0.0,1284.66,40391.0,0.0,0.0,0,5250,182100,0,0,187350,41675.66
BR0187,614,0,0,0,614,614,0,0,0,0,13,0,0,0,0,13,405.24,0.0,0.0,0.0,0.0,1950,0,0,0,0,1950,405.24
BR0188,169127,3,1583,0,170713,26659,60694,39724,20008,23628,371,843,552,278,329,2373,15995.4,32774.76,23834.4,12004.8,14176.8,55650,126450,82800,41700,49350,355950,98786.16
BR0189,528201,0,32401,0,560602,0,560602,0,0,0,0,10011,0,0,0,10011,0.0,235452.84,0.0,0.0,0.0,0,1501650,0,0,0,1501650,235452.84
BR0190,17369,0,0,0,17369,0,17369,0,0,0,0,311,0,0,0,311,0.0,7294.98,0.0,0.0,0.0,0,46650,0,0,0,46650,7294.98
BR0191,88246,0,0,0,88246,40731,0,47515,0,0,637,0,743,0,0,1380,19550.88,0.0,25658.1,0.0,0.0,95550,0,111450,0,0,207000,45208.98
BR0192,93709,0,0,75,93784,0,0,0,0,93784,0,0,0,0,1466,1466,0.0,0.0,0.0,0.0,54863.64,0,0,0,0,219900,219900,54863.64
BR0193,352703,1,2,0,352706,0,0,264390,0,88316,0,0,5509,0,1840,7349,0.0,0.0,111043.8,0.0,42391.68,0,0,826350,0,276000,1102350,153435.48
BR0194,48228,0,0,0,48228,7531,17147,11223,5652,6675,210,477,312,157,186,1342,4970.46,9259.38,7407.18,3730.32,4405.5,31500,71550,46800,23550,27900,201300,29772.84
BR0195,315717,0,0,0,315717,0,0,0,0,315717,0,0,0,0,8770,8770,0.0,0.0,0.0,0.0,132601.13999999998,0,0,0,0,1315500,1315500,132601.13999999998
BR0196,31013,0,0,0,31013,0,0,0,0,31013,0,0,0,0,647,647,0.0,0.0,0.0,0.0,20158.45,0,0,0,0,97050,97050,20158.45
BR0197,61138,0,0,0,61138,61138,0,0,0,0,956,0,0,0,0,956,35765.73,0.0,0.0,0.0,0.0,143400,0,0,0,0,143400,35765.73
BR0198,209409,1,7350,0,216760,216760,0,0,0,0,3011,0,0,0,0,3011,121385.6,0.0,0.0,0.0,0.0,451650,0,0,0,0,451650,121385.6
BR0199,43002,1,0,0,43003,43003,0,0,0,0,768,0,0,0,0,768,22361.56,0.0,0.0,0.0,0.0,115200,0,0,0,0,115200,22361.56
BR0200,70691,0,0,0,70691,70691,0,0,0,0,884,0,0,0,0,884,36759.32,0.0,0.0,0.0,0.0,132600,0,0,0,0,132600,36759.32
BR0201,18969,0,0,0,18969,18969,0,0,0,0,396,0,0,0,0,396,11381.4,0.0,0.0,0.0,0.0,59400,0,0,0,0,59400,11381.4
BR0202,81074,0,0,0,81074,81074,0,0,0,0,1014,0,0,0,0,1014,47428.28999999999,0.0,0.0,0.0,0.0,152100,0,0,0,0,152100,47428.28999999999
BR0203,319104,2,0,0,319106,22211,0,0,296895,0,348,0,0,4639,0,4987,13326.6,0.0,0.0,124695.9,0.0,52200,0,0,695850,0,748050,138022.5
BR0204,76435,2,0,0,76437,0,0,0,76437,0,0,0,0,1365,0,1365,0.0,0.0,0.0,32103.54,0.0,0,0,0,204750,0,204750,32103.54
BR0205,306527,0,1,15867,322395,0,42942,279453,0,0,0,767,4991,0,0,5758,0.0,25121.07,127151.115,0.0,0.0,0,115050,748650,0,0,863700,152272.185
BR0206,509284,0,5000,26184,540468,0,58719,481749,0,0,0,918,7528,0,0,8446,0.0,30533.88,219195.795,0.0,0.0,0,137700,1129200,0,0,1266900,249729.675
BR0207,698710,1,4364,35872,738947,0,17685,721262,0,0,0,277,11270,0,0,11547,0.0,9196.2,328174.21,0.0,0.0,0,41550,1690500,0,0,1732050,337370.41000000003
BR0208,7252,0,1147,0,8399,0,0,8399,0,0,0,0,150,0,0,150,0.0,0.0,3527.58,0.0,0.0,0,0,22500,0,0,22500,3527.58
BR0209,18727,0,0,0,18727,2924,6658,4358,2195,2592,41,93,61,31,36,262,2090.66,4760.469999999999,3115.97,1569.425,1347.84,6150,13950,9150,4650,5400,39300,12884.364999999998
BR0209XL,20283,0,0,0,20283,3168,7211,4720,2377,2807,44,101,66,34,39,284,2265.12,5155.865,3374.8,1699.5549999999998,2007.005,6600,15150,9900,5100,5850,42600,14502.345
BR0210,61059,0,0,0,61059,0,0,0,0,61059,0,0,0,0,764,764,0.0,0.0,0.0,0.0,31750.68,0,0,0,0,114600,114600,31750.68
BR0211,47588,0,0,0,47588,0,0,0,0,47588,0,0,0,0,595,595,0.0,0.0,0.0,0.0,24745.76,0,0,0,0,89250,89250,24745.76
BR0212,41492,0,0,0,41492,0,0,0,0,41492,0,0,0,0,1297,1297,0.0,0.0,0.0,0.0,26969.8,0,0,0,0,194550,194550,26969.8
BR0213,2,48016,0,0,48018,0,48018,0,0,0,0,890,0,0,0,890,0.0,25929.72,0.0,0.0,0.0,0,133500,0,0,0,133500,25929.72
BR0214,2,30967,0,0,30969,0,30969,0,0,0,0,574,0,0,0,574,0.0,16723.260000000002,0.0,0.0,0.0,0,86100,0,0,0,86100,16723.260000000002
BR0215,2,3683,0,0,3685,0,3685,0,0,0,0,69,0,0,0,69,0.0,1989.9,0.0,0.0,0.0,0,10350,0,0,0,10350,1989.9
BR0216,3847,35710,0,0,39557,0,39557,0,0,0,0,495,0,0,0,495,0.0,21360.78,0.0,0.0,0.0,0,74250,0,0,0,74250,21360.78
BR0217,2,28665,0,0,28667,0,28667,0,0,0,0,478,0,0,0,478,0.0,17200.2,0.0,0.0,0.0,0,71700,0,0,0,71700,17200.2
BR0218,0,1962,0,0,1962,0,0,0,0,1962,0,0,0,0,25,25,0.0,0.0,0.0,0.0,1402.83,0,0,0,0,3750,3750,1402.83
BR0219,2,50400,0,0,50402,0,50402,0,0,0,0,764,0,0,0,764,0.0,27217.08,0.0,0.0,0.0,0,114600,0,0,0,114600,27217.08
BR0220,6678,28026,0,0,34704,0,34704,0,0,0,0,482,0,0,0,482,0.0,16657.92,0.0,0.0,0.0,0,72300,0,0,0,72300,16657.92
BR0221,15119,219095,0,0,234214,0,75581,158633,0,0,0,945,1983,0,0,2928,0.0,40813.740000000005,76143.84,0.0,0.0,0,141750,297450,0,0,439200,116957.58
BR0222,11159,47885,0,0,59044,0,59044,0,0,0,0,923,0,0,0,923,0.0,28341.12,0.0,0.0,0.0,0,138450,0,0,0,138450,28341.12
BR0223,954,54391,0,0,55345,0,48316,7029,0,0,0,672,98,0,0,770,0.0,23191.68,3795.66,0.0,0.0,0,100800,14700,0,0,115500,26987.34
BR0224,10207,26712,0,0,36919,0,36919,0,0,0,0,420,0,0,0,420,0.0,22151.4,0.0,0.0,0.0,0,63000,0,0,0,63000,22151.4
BR0225,3640,72397,0,0,76037,0,76037,0,0,0,0,865,0,0,0,865,0.0,44481.645,0.0,0.0,0.0,0,129750,0,0,0,129750,44481.645
BR0226,3212,18277,0,0,21489,0,7303,14186,0,0,0,102,198,0,0,300,0.0,3505.44,7660.44,0.0,0.0,0,15300,29700,0,0,45000,11165.88
BR0227,1727,63340,0,0,65067,0,65067,0,0,0,0,904,0,0,0,904,0.0,38064.195,0.0,0.0,0.0,0,135600,0,0,0,135600,38064.195
BR0228,5200,30741,0,0,35941,0,5834,30107,0,0,0,82,419,0,0,501,0.0,2800.32,16257.78,0.0,0.0,0,12300,62850,0,0,75150,19058.1
BR0229,2,163733,0,0,163735,0,143834,19901,0,0,0,2248,311,0,0,2559,0.0,69040.31999999999,13134.66,0.0,0.0,0,337200,46650,0,0,383850,82174.98
BR0230,164,2062,0,0,2226,0,511,1715,0,0,0,8,24,0,0,32,0.0,337.26,1131.9,0.0,0.0,0,1200,3600,0,0,4800,1469.16
BR0231,2,1901,0,0,1903,0,0,1903,0,0,0,0,32,0,0,32,0.0,0.0,1255.98,0.0,0.0,0,0,4800,0,0,4800,1255.98
BR0232,11594,0,0,0,11594,0,0,11594,0,0,0,0,242,0,0,242,0.0,0.0,5275.27,0.0,0.0,0,0,36300,0,0,36300,5275.27
BR0233,0,1,443343,0,443344,0,0,443344,0,0,0,0,12316,0,0,12316,0.0,0.0,212805.12,0.0,0.0,0,0,1847400,0,0,1847400,212805.12
BR0234,62225,0,1,0,62226,0,62226,0,0,0,0,865,0,0,0,865,0.0,29868.48,0.0,0.0,0.0,0,129750,0,0,0,129750,29868.48
BR0235,8667,0,2659,0,11326,11326,0,0,0,0,236,0,0,0,0,236,7475.160000000001,0.0,0.0,0.0,0.0,35400,0,0,0,0,35400,7475.160000000001
BR0236,80935,0,5395,0,86330,86330,0,0,0,0,1799,0,0,0,0,1799,46618.2,0.0,0.0,0.0,0.0,269850,0,0,0,0,269850,46618.2
BR0237,16762,1,0,0,16763,0,0,16763,0,0,0,0,300,0,0,300,0.0,0.0,11985.545,0.0,0.0,0,0,45000,0,0,45000,11985.545
BR0238,196,0,38089,0,38285,0,0,38285,0,0,0,0,798,0,0,798,0.0,0.0,26799.5,0.0,0.0,0,0,119700,0,0,119700,26799.5
BR0239,1534176,2,9,1004,1535191,0,1165678,369513,0,0,0,24285,7699,0,0,31984,0.0,530383.49,192146.76,0.0,0.0,0,3642750,1154850,0,0,4797600,722530.25
BR0240,1,0,146137,0,146138,0,110963,35175,0,0,0,2312,733,0,0,3045,0.0,50488.165,18291.0,0.0,0.0,0,346800,109950,0,0,456750,68779.16500000001
BR0241,8244,0,13085,0,21329,0,21329,0,0,0,0,445,0,0,0,445,0.0,14930.3,0.0,0.0,0.0,0,66750,0,0,0,66750,14930.3
BR0242,102787,0,0,0,102787,0,102787,0,0,0,0,2142,0,0,0,2142,0.0,53449.240000000005,0.0,0.0,0.0,0,321300,0,0,0,321300,53449.240000000005
BR0243,733361,28205,119454,0,881020,0,0,881020,0,0,0,0,18355,0,0,18355,0.0,0.0,400864.1,0.0,0.0,0,0,2753250,0,0,2753250,400864.1
BR0244,541199,0,6696,0,547895,0,0,547895,0,0,0,0,11415,0,0,11415,0.0,0.0,249292.225,0.0,0.0,0,0,1712250,0,0,1712250,249292.225
BR0245,20724,0,0,0,20724,20724,0,0,0,0,371,0,0,0,0,371,14506.8,0.0,0.0,0.0,0.0,55650,0,0,0,0,55650,14506.8
BR0246,152096,0,1255,0,153351,153351,0,0,0,0,2739,0,0,0,0,2739,85876.56000000001,0.0,0.0,0.0,0.0,410850,0,0,0,0,410850,85876.56000000001
BR0247,2,0,660044,742,660788,0,660788,0,0,0,0,16520,0,0,0,16520,0.0,300658.54000000004,0.0,0.0,0.0,0,2478000,0,0,0,2478000,300658.54000000004
BR0248,0,0,576148,0,576148,576148,0,0,0,0,14404,0,0,0,0,14404,241982.16,0.0,0.0,0.0,0.0,2160600,0,0,0,0,2160600,241982.16
BR0249,0,0,282539,0,282539,0,282539,0,0,0,0,5887,0,0,0,5887,0.0,128555.245,0.0,0.0,0.0,0,883050,0,0,0,883050,128555.245
BR0250,0,0,13200,0,13200,0,13200,0,0,0,0,275,0,0,0,275,0.0,6006.0,0.0,0.0,0.0,0,41250,0,0,0,41250,6006.0
BR0251,0,0,120133,0,120133,0,120133,0,0,0,0,3004,0,0,0,3004,0.0,54660.515,0.0,0.0,0.0,0,450600,0,0,0,450600,54660.515
BR0252,0,0,1165084,5540,1170624,0,1170624,0,0,0,0,29266,0,0,0,29266,0.0,532633.92,0.0,0.0,0.0,0,4389900,0,0,0,4389900,532633.92
BR0253,0,0,1913149,0,1913149,1913149,0,0,0,0,47829,0,0,0,0,47829,803522.58,0.0,0.0,0.0,0.0,7174350,0,0,0,0,7174350,803522.58
BR0254,0,0,39317,0,39317,39317,0,0,0,0,983,0,0,0,0,983,16513.14,0.0,0.0,0.0,0.0,147450,0,0,0,0,147450,16513.14
BR0255,0,0,702946,4513,707459,0,0,0,0,707459,0,0,0,0,22109,22109,0.0,0.0,0.0,0.0,321893.84500000003,0,0,0,0,3316350,3316350,321893.84500000003
BR0256,0,0,408317,0,408317,0,0,0,0,408317,0,0,0,0,12760,12760,0.0,0.0,0.0,0.0,212324.84,0,0,0,0,1914000,1914000,212324.84
BR0257,0,0,114566,1136,115702,0,62721,52981,0,0,0,1307,1104,0,0,2411,0.0,28538.055,30993.885,0.0,0.0,0,196050,165600,0,0,361650,59531.94
BR0258,0,0,128133,503,128636,0,128636,0,0,0,0,2680,0,0,0,2680,0.0,58529.380000000005,0.0,0.0,0.0,0,402000,0,0,0,402000,58529.380000000005
BR0259,0,0,38639,0,38639,0,38639,0,0,0,0,690,0,0,0,690,0.0,25115.35,0.0,0.0,0.0,0,103500,0,0,0,103500,25115.35
BR0260,16557,0,0,0,16557,0,0,0,16557,0,0,0,0,259,0,259,0.0,0.0,0.0,6953.94,0.0,0,0,0,38850,0,38850,6953.94
BR0261,28626,0,0,0,28626,0,24918,3708,0,0,0,347,52,0,0,399,0.0,10465.56,1779.84,0.0,0.0,0,52050,7800,0,0,59850,12245.4
BR0262,9883,0,0,0,9883,0,9883,0,0,0,0,138,0,0,0,138,0.0,4150.86,0.0,0.0,0.0,0,20700,0,0,0,20700,4150.86
BR0263,47162,0,0,0,47162,47162,0,0,0,0,737,0,0,0,0,737,30655.3,0.0,0.0,0.0,0.0,110550,0,0,0,0,110550,30655.3
BR0264,163709,0,0,0,163709,96397,0,0,67312,0,1507,0,0,1052,0,2559,50126.44,0.0,0.0,35002.24,0.0,226050,0,0,157800,0,383850,85128.68
BR0265,68585,0,0,0,68585,0,0,68585,0,0,0,0,953,0,0,953,0.0,0.0,40122.225,0.0,0.0,0,0,142950,0,0,142950,40122.225
BR0266,0,32727,0,0,32727,0,32727,0,0,0,0,780,0,0,0,780,0.0,15708.96,0.0,0.0,0.0,0,117000,0,0,0,117000,15708.96
BR0267,161176,0,0,0,161176,0,0,161176,0,0,0,0,4030,0,0,4030,0.0,0.0,83811.52,0.0,0.0,0,0,604500,0,0,604500,83811.52
BR0268,0,327106,0,0,327106,167630,0,0,159476,0,2329,0,0,2215,0,4544,76271.65000000001,0.0,0.0,82927.52,0.0,349350,0,0,332250,0,681600,159199.17
BR0269,0,91498,0,0,91498,47704,0,0,43794,0,663,0,0,609,0,1272,27906.84,0.0,0.0,28466.1,0.0,99450,0,0,91350,0,190800,56372.94
BR0270,0,50204,0,0,50204,0,32403,17801,0,0,0,507,279,0,0,786,0.0,21061.95,12727.715,0.0,0.0,0,76050,41850,0,0,117900,33789.665
BR0271,0,51599,0,0,51599,0,27922,23677,0,0,0,437,370,0,0,807,0.0,14519.44,10773.035,0.0,0.0,0,65550,55500,0,0,121050,25292.475
BR0272,0,39097,0,0,39097,0,0,39097,0,0,0,0,699,0,0,699,0.0,0.0,25413.05,0.0,0.0,0,0,104850,0,0,104850,25413.05
BR0273,0,26831,0,0,26831,0,20493,6338,0,0,0,321,100,0,0,421,0.0,11988.405,4119.7,0.0,0.0,0,48150,15000,0,0,63150,16108.105
BR0274,0,19222,0,0,19222,0,14930,4292,0,0,0,312,90,0,0,402,0.0,10674.95,2510.82,0.0,0.0,0,46800,13500,0,0,60300,13185.77
BR0275,0,61369,0,0,61369,0,61369,0,0,0,0,768,0,0,0,768,0.0,35900.865,0.0,0.0,0.0,0,115200,0,0,0,115200,35900.865
BR0276,0,66448,0,0,66448,0,66448,0,0,0,0,831,0,0,0,831,0.0,30233.84,0.0,0.0,0.0,0,124650,0,0,0,124650,30233.84
BR0277,0,79676,0,0,79676,0,0,79676,0,0,0,0,1660,0,0,1660,0.0,0.0,36252.58,0.0,0.0,0,0,249000,0,0,249000,36252.58
BR0278,0,68416,0,0,68416,0,0,68416,0,0,0,0,1426,0,0,1426,0.0,0.0,31129.28,0.0,0.0,0,0,213900,0,0,213900,31129.28
BR0279,0,90724,0,0,90724,0,0,90724,0,0,0,0,1891,0,0,1891,0.0,0.0,53073.53999999999,0.0,0.0,0,0,283650,0,0,283650,53073.53999999999
BR0280,0,87449,0,0,87449,0,0,87449,0,0,0,0,1822,0,0,1822,0.0,0.0,39789.295,0.0,0.0,0,0,273300,0,0,273300,39789.295
BR0281,0,19900,0,0,19900,19900,0,0,0,0,356,0,0,0,0,356,15323.0,0.0,0.0,0.0,0.0,53400,0,0,0,0,53400,15323.0
BR0282,0,19984,0,0,19984,3121,7105,4650,2342,2766,87,198,130,66,77,558,2059.86,4689.3,3069.0,1545.72,1825.56,13050,29700,19500,9900,11550,83700,13189.44
BR0283,0,25144,0,0,25144,0,25144,0,0,0,0,449,0,0,0,449,0.0,16343.6,0.0,0.0,0.0,0,67350,0,0,0,67350,16343.6
BR0284,0,57430,0,0,57430,57430,0,0,0,0,898,0,0,0,0,898,36180.9,0.0,0.0,0.0,0.0,134700,0,0,0,0,134700,36180.9
BR0285,0,8419,0,0,8419,1315,2993,1959,987,1165,17,38,25,13,15,108,1012.55,2304.61,1234.17,759.99,897.0500000000001,2550,5700,3750,1950,2250,16200,6208.37
BR0286,0,2671,0,0,2671,417,950,621,313,370,6,14,9,5,6,40,321.09000000000003,731.5,478.17,241.01,284.90000000000003,900,2100,1350,750,900,6000,2056.67
BR0287,3201,0,107656,0,110857,0,0,110857,0,0,0,0,2310,0,0,2310,0.0,0.0,50439.935000000005,0.0,0.0,0,0,346500,0,0,346500,50439.935000000005
BR0288,124709,0,2741,0,127450,19903,45313,29657,14937,17640,311,709,464,234,276,1994,13135.98,27187.8,17794.2,9858.42,11642.4,46650,106350,69600,35100,41400,299100,79618.79999999999
BR0289,0,46462,0,0,46462,0,0,0,0,46462,0,0,0,0,726,726,0.0,0.0,0.0,0.0,30200.3,0,0,0,0,108900,108900,30200.3
BR0290,0,34241,0,0,34241,0,34241,0,0,0,0,952,0,0,0,952,0.0,18490.14,0.0,0.0,0.0,0,142800,0,0,0,142800,18490.14
BR0291,0,53472,0,0,53472,0,0,0,0,53472,0,0,0,0,991,991,0.0,0.0,0.0,0.0,28874.88,0,0,0,0,148650,148650,28874.88
BR0292,0,61797,0,0,61797,0,61797,0,0,0,0,1717,0,0,0,1717,0.0,33370.380000000005,0.0,0.0,0.0,0,257550,0,0,0,257550,33370.380000000005
BR0293,0,65498,0,0,65498,0,0,0,0,65498,0,0,0,0,1170,1170,0.0,0.0,0.0,0.0,38316.33,0,0,0,0,175500,175500,38316.33
BR0294,0,8197,0,0,8197,0,0,0,0,8197,0,0,0,0,137,137,0.0,0.0,0.0,0.0,5410.02,0,0,0,0,20550,20550,5410.02
BR0295,0,27938,0,0,27938,0,27938,0,0,0,0,666,0,0,0,666,0.0,13410.24,0.0,0.0,0.0,0,99900,0,0,0,99900,13410.24
BR0296,0,42128,0,0,42128,0,0,0,0,42128,0,0,0,0,1004,1004,0.0,0.0,0.0,0.0,20221.44,0,0,0,0,150600,150600,20221.44
BR0297,0,112903,0,0,112903,0,0,0,0,112903,0,0,0,0,1283,1283,0.0,0.0,0.0,0.0,58709.560000000005,0,0,0,0,192450,192450,58709.560000000005
BR0298,0,28852,0,0,28852,0,0,0,0,28852,0,0,0,0,328,328,0.0,0.0,0.0,0.0,18753.8,0,0,0,0,49200,49200,18753.8
BR0299,0,10947,0,0,10947,0,0,0,0,10947,0,0,0,0,196,196,0.0,0.0,0.0,0.0,7827.105,0,0,0,0,29400,29400,7827.105
BR0300,0,537174,0,0,537174,0,166453,370721,0,0,0,2601,5793,0,0,8394,0.0,93213.68,207603.76,0.0,0.0,0,390150,868950,0,0,1259100,300817.44
BR0301,0,84080,0,0,84080,0,0,0,84080,0,0,0,0,1752,0,1752,0.0,0.0,0.0,52970.4,0.0,0,0,0,262800,0,262800,52970.4
BR0302,0,743209,0,0,743209,662841,80368,0,0,0,10357,1256,0,0,0,11613,324792.09,50631.84,0.0,0.0,0.0,1553550,188400,0,0,0,1741950,375423.93
BR0303,9612,0,0,0,9612,9612,0,0,0,0,110,0,0,0,0,110,6728.4,0.0,0.0,0.0,0.0,16500,0,0,0,0,16500,6728.4
BR0304,135472,0,16117,0,151589,23672,53895,35274,17766,20982,296,674,441,223,263,1897,14203.2,29103.300000000003,19047.960000000003,10659.6,12589.2,44400,101100,66150,33450,39450,284550,85603.26000000001
BR0305,3162,0,25544,164,28870,0,0,28870,0,0,0,0,602,0,0,602,0.0,0.0,20209.0,0.0,0.0,0,0,90300,0,0,90300,20209.0
BR0306,2,0,890710,0,890712,890712,0,0,0,0,18557,0,0,0,0,18557,405273.96,0.0,0.0,0.0,0.0,2783550,0,0,0,0,2783550,405273.96
BR0307,0,36192,0,0,36192,36192,0,0,0,0,754,0,0,0,0,754,25334.4,0.0,0.0,0.0,0.0,113100,0,0,0,0,113100,25334.4
BR0308,0,32017,0,0,32017,32017,0,0,0,0,501,0,0,0,0,501,22411.9,0.0,0.0,0.0,0.0,75150,0,0,0,0,75150,22411.9
BR0309,2519,74974,0,0,77493,0,0,77493,0,0,0,0,969,0,0,969,0.0,0.0,48820.59,0.0,0.0,0,0,145350,0,0,145350,48820.59
BR0310,81950,0,2252,0,84202,13149,29937,19594,9868,11654,274,624,409,206,243,1756,8678.34,14369.76,9405.12,6512.88,7691.64,41100,93600,61350,30900,36450,263400,46657.74
BR0310XL,90679,0,2492,0,93171,14550,33125,21680,10920,12896,405,921,603,304,359,2592,9603.0,19875.0,13008.0,7207.200000000001,8511.36,60750,138150,90450,45600,53850,388800,58204.56
BR0311,56336,0,2,0,56338,8798,20030,13109,6603,7798,184,418,274,138,163,1177,5278.8,10816.2,7865.4,3961.8,4678.8,27600,62700,41100,20700,24450,176550,32601.0
BR0312,56648,0,0,0,56648,8846,20140,13182,6639,7841,185,420,275,139,164,1183,5307.599999999999,10875.6,7909.2,3983.4,4704.599999999999,27750,63000,41250,20850,24600,177450,32780.4
BR0313,96723,0,2638,0,99361,15516,35326,23121,11645,13753,324,736,482,243,287,2072,9309.6,19076.04,13872.6,6987.0,8251.8,48600,110400,72300,36450,43050,310800,57497.03999999999
BR0314,449345,0,0,0,449345,0,0,11770,0,437575,0,0,164,0,6078,6242,0.0,0.0,8415.55,0.0,227539.0,0,0,24600,0,911700,936300,235954.55
BR0314XL,438153,0,0,0,438153,0,0,11477,0,426676,0,0,160,0,5927,6087,0.0,0.0,8206.055,0.0,221871.52,0,0,24000,0,889050,913050,230077.575
BR0315,73214,0,0,3345,76559,0,0,76559,0,0,0,0,957,0,0,957,0.0,0.0,48232.17,0.0,0.0,0,0,143550,0,0,143550,48232.17
BR0316,57896,0,0,0,57896,41815,0,0,16081,0,523,0,0,202,0,725,26343.45,0.0,0.0,12382.37,0.0,78450,0,0,30300,0,108750,38725.82
BR0317,58373,0,0,0,58373,51399,0,0,0,6974,643,0,0,0,88,731,32381.37,0.0,0.0,0.0,5369.9800000000005,96450,0,0,0,13200,109650,37751.35
BR0318,23876,0,0,0,23876,3728,8489,5556,2798,3305,59,133,87,44,52,375,2665.52,6069.634999999999,3972.54,2000.57,2363.075,8850,19950,13050,6600,7800,56250,17071.34
BR0319,24396,0,0,0,24396,19886,0,0,0,4510,249,0,0,0,57,306,15312.22,0.0,0.0,0.0,3472.7000000000003,37350,0,0,0,8550,45900,18784.92
BR0320,10948,0,0,0,10948,0,10948,0,0,0,0,172,0,0,0,172,0.0,8429.960000000001,0.0,0.0,0.0,0,25800,0,0,0,25800,8429.960000000001
BR0321,279675,0,0,0,279675,0,0,0,279675,0,0,0,0,4995,0,4995,0.0,0.0,0.0,145431.0,0.0,0,0,0,749250,0,749250,145431.0
BR0322,27820,0,438531,0,466351,0,0,466351,0,0,0,0,8328,0,0,8328,0.0,0.0,212189.705,0.0,0.0,0,0,1249200,0,0,1249200,212189.705
BR0323,0,0,12817,0,12817,0,0,12817,0,0,0,0,306,0,0,306,0.0,0.0,8459.220000000001,0.0,0.0,0,0,45900,0,0,45900,8459.220000000001
BR0324,142401,0,0,0,142401,0,83217,0,0,59184,0,1156,0,0,822,1978,0.0,43272.84,0.0,0.0,34622.64,0,173400,0,0,123300,296700,77895.48000000001
BR0325,0,51347,0,0,51347,0,0,51347,0,0,0,0,1070,0,0,1070,0.0,0.0,24646.56,0.0,0.0,0,0,160500,0,0,160500,24646.56
BR0326,0,65147,0,0,65147,0,65147,0,0,0,0,1358,0,0,0,1358,0.0,38110.995,0.0,0.0,0.0,0,203700,0,0,0,203700,38110.995
BR0327,0,58364,0,0,58364,0,58364,0,0,0,0,1216,0,0,0,1216,0.0,34142.939999999995,0.0,0.0,0.0,0,182400,0,0,0,182400,34142.939999999995
BR0328,0,36180,0,0,36180,0,36180,0,0,0,0,566,0,0,0,566,0.0,21165.3,0.0,0.0,0.0,0,84900,0,0,0,84900,21165.3
BR0329,0,33395,0,0,33395,0,33395,0,0,0,0,597,0,0,0,597,0.0,17365.4,0.0,0.0,0.0,0,89550,0,0,0,89550,17365.4
BR0330,0,36080,0,0,36080,0,36080,0,0,0,0,564,0,0,0,564,0.0,21106.8,0.0,0.0,0.0,0,84600,0,0,0,84600,21106.8
BR0331,0,28544,0,0,28544,0,28544,0,0,0,0,510,0,0,0,510,0.0,14842.88,0.0,0.0,0.0,0,76500,0,0,0,76500,14842.88
BR0332,737870,842,0,789,739501,0,518338,221163,0,0,0,10799,4608,0,0,15407,0.0,217701.96,106158.24,0.0,0.0,0,1619850,691200,0,0,2311050,323860.19999999995
BR0333,47485,10440,3,150,58078,0,46286,11792,0,0,0,724,185,0,0,909,0.0,32400.2,9079.84,0.0,0.0,0,108600,27750,0,0,136350,41480.03999999999
BR0334,786867,98,2649,4631,794245,0,498454,162211,0,133580,0,8901,2897,0,2386,14184,0.0,209350.68,68128.62,0.0,56103.6,0,1335150,434550,0,357900,2127600,333582.9
BR0335,31652,0,0,0,31652,0,24433,7219,0,0,0,437,129,0,0,566,0.0,10261.86,3031.98,0.0,0.0,0,65550,19350,0,0,84900,13293.839999999998
BR0336,30101,0,0,0,30101,0,26422,3679,0,0,0,413,58,0,0,471,0.0,18495.4,2832.83,0.0,0.0,0,61950,8700,0,0,70650,21328.23
BR0337,17838,0,1289,1503,20630,0,0,20630,0,0,0,0,323,0,0,323,0.0,0.0,13409.5,0.0,0.0,0,0,48450,0,0,48450,13409.5
BR0338,34163,0,0,2795,36958,0,1072,35886,0,0,0,15,499,0,0,514,0.0,766.48,23325.9,0.0,0.0,0,2250,74850,0,0,77100,24092.38
BR0339,642678,0,19158,0,661836,0,407639,254197,0,0,0,7280,4540,0,0,11820,0.0,211972.28,132182.44,0.0,0.0,0,1092000,681000,0,0,1773000,344154.72
BR0340,1697970,0,30437,0,1728407,0,1006991,333326,0,388090,0,17982,5953,0,6931,30866,0.0,422936.22,159996.47999999998,0.0,162997.8,0,2697300,892950,0,1039650,4629900,745930.5
BR0340XL,1559526,0,27955,0,1587481,0,924886,306148,0,356447,0,16516,5467,0,6366,28349,0.0,388452.12,128582.16,0.0,149707.74,0,2477400,820050,0,954900,4252350,666742.02
BR0341,512738,0,9318,0,522056,0,0,415053,0,107003,0,0,6486,0,1672,8158,0.0,0.0,188849.115,0.0,55641.560000000005,0,0,972900,0,250800,1223700,244490.675
BR0342,40711,0,0,0,40711,0,40711,0,0,0,0,727,0,0,0,727,0.0,17098.62,0.0,0.0,0.0,0,109050,0,0,0,109050,17098.62
BR0343,0,0,286173,0,286173,0,91907,194266,0,0,0,2298,4857,0,0,7155,0.0,49629.780000000006,93247.68,0.0,0.0,0,344700,728550,0,0,1073250,142877.46
BR0344,0,0,312633,0,312633,0,92689,219944,0,0,0,1932,4583,0,0,6515,0.0,44490.72,105573.12,0.0,0.0,0,289800,687450,0,0,977250,150063.84
BR0345,6083,0,519602,0,525685,0,94198,431487,0,0,0,3140,14383,0,0,17523,0.0,55105.83,224373.24,0.0,0.0,0,471000,2157450,0,0,2628450,279479.07
BR0346,2657,0,397961,0,400618,0,134550,266068,0,0,0,2403,4752,0,0,7155,0.0,69966.0,138355.36000000002,0.0,0.0,0,360450,712800,0,0,1073250,208321.36
BR0347,5,0,380621,1090,381716,0,0,0,0,381716,0,0,0,0,6817,6817,0.0,0.0,0.0,0.0,198492.32,0,0,0,0,1022550,1022550,198492.32
BR0348,2,0,142660,0,142662,0,64906,77756,0,0,0,1623,1944,0,0,3567,0.0,40890.78,48986.28,0.0,0.0,0,243450,291600,0,0,535050,89877.06
BR0349,0,0,92361,0,92361,0,0,92361,0,0,0,0,2200,0,0,2200,0.0,0.0,49874.94,0.0,0.0,0,0,330000,0,0,330000,49874.94
BR0350,139,0,3647,0,3786,3786,0,0,0,0,60,0,0,0,0,60,2385.18,0.0,0.0,0.0,0.0,9000,0,0,0,0,9000,2385.18
BR0351,3207,0,68372,0,71579,71579,0,0,0,0,1119,0,0,0,0,1119,45094.77,0.0,0.0,0.0,0.0,167850,0,0,0,0,167850,45094.77
BR0352,30713,0,0,0,30713,0,18980,11733,0,0,0,396,245,0,0,641,0.0,9110.4,5631.84,0.0,0.0,0,59400,36750,0,0,96150,14742.24
BR0353,21335,0,0,0,21335,21335,0,0,0,0,381,0,0,0,0,381,13441.05,0.0,0.0,0.0,0.0,57150,0,0,0,0,57150,13441.05
BR0354,50094,0,0,0,50094,0,0,50094,0,0,0,0,1044,0,0,1044,0.0,0.0,27050.76,0.0,0.0,0,0,156600,0,0,156600,27050.76
BR0355,23972,0,0,0,23972,0,23972,0,0,0,0,375,0,0,0,375,0.0,11506.56,0.0,0.0,0.0,0,56250,0,0,0,56250,11506.56
BR0356,37946,0,0,0,37946,0,0,37946,0,0,0,0,791,0,0,791,0.0,0.0,18214.08,0.0,0.0,0,0,118650,0,0,118650,18214.08
BR0357,23014,0,0,0,23014,0,15160,7854,0,0,0,271,141,0,0,412,0.0,10839.4,5105.1,0.0,0.0,0,40650,21150,0,0,61800,15944.5
BR0358,0,8728,0,0,8728,0,8728,0,0,0,0,208,0,0,0,208,0.0,5236.8,0.0,0.0,0.0,0,31200,0,0,0,31200,5236.8
BR0359,19687,0,0,0,19687,19687,0,0,0,0,352,0,0,0,0,352,12402.81,0.0,0.0,0.0,0.0,52800,0,0,0,0,52800,12402.81
BR0360,100212,0,0,0,100212,0,0,100212,0,0,0,0,1566,0,0,1566,0.0,0.0,45596.46,0.0,0.0,0,0,234900,0,0,234900,45596.46
BR0361,114948,0,0,0,114948,0,110251,4697,0,0,0,1379,59,0,0,1438,0.0,50164.205,3358.355,0.0,0.0,0,206850,8850,0,0,215700,53522.560000000005
BR0362,22649,0,0,0,22649,0,0,22649,0,0,0,0,630,0,0,630,0.0,0.0,9512.58,0.0,0.0,0,0,94500,0,0,94500,9512.58
BR0363,93363,0,0,0,93363,0,0,0,0,93363,0,0,0,0,1946,1946,0.0,0.0,0.0,0.0,54617.355,0,0,0,0,291900,291900,54617.355
BR0364,80636,0,0,0,80636,0,80636,0,0,0,0,1680,0,0,0,1680,0.0,43543.44,0.0,0.0,0.0,0,252000,0,0,0,252000,43543.44
BR0365,107201,0,0,0,107201,0,107201,0,0,0,0,1489,0,0,0,1489,0.0,48776.455,0.0,0.0,0.0,0,223350,0,0,0,223350,48776.455
BR0366,14653,0,0,0,14653,0,0,14653,0,0,0,0,229,0,0,229,0.0,0.0,9670.98,0.0,0.0,0,0,34350,0,0,34350,9670.98
BR0367,51022,0,0,0,51022,0,0,0,0,51022,0,0,0,0,798,798,0.0,0.0,0.0,0.0,29847.87,0,0,0,0,119700,119700,29847.87
BR0368,97174,0,0,3610,100784,0,0,0,0,100784,0,0,0,0,1400,1400,0.0,0.0,0.0,0.0,52407.68,0,0,0,0,210000,210000,52407.68
BR0369,44106,0,0,0,44106,0,0,44106,0,0,0,0,1226,0,0,1226,0.0,0.0,18524.52,0.0,0.0,0,0,183900,0,0,183900,18524.52
BR0370,0,101561,0,0,101561,0,0,0,0,101561,0,0,0,0,2419,2419,0.0,0.0,0.0,0.0,48749.28,0,0,0,0,362850,362850,48749.28
BR0371,0,141544,0,46,141590,0,0,0,0,141590,0,0,0,0,3372,3372,0.0,0.0,0.0,0.0,67963.2,0,0,0,0,505800,505800,67963.2
BR0372,0,181556,0,0,181556,0,181556,0,0,0,0,4323,0,0,0,4323,0.0,87146.87999999999,0.0,0.0,0.0,0,648450,0,0,0,648450,87146.87999999999
BR0373,0,49137,0,0,49137,0,49137,0,0,0,0,1365,0,0,0,1365,0.0,26533.980000000003,0.0,0.0,0.0,0,204750,0,0,0,204750,26533.980000000003
BR0374,0,15996,0,0,15996,0,0,0,0,15996,0,0,0,0,381,381,0.0,0.0,0.0,0.0,10557.36,0,0,0,0,57150,57150,10557.36
BR0375,0,240998,0,0,240998,0,0,0,0,240998,0,0,0,0,5021,5021,0.0,0.0,0.0,0.0,125318.96,0,0,0,0,753150,753150,125318.96
BR0376,0,71871,0,0,71871,0,0,0,0,71871,0,0,0,0,1284,1284,0.0,0.0,0.0,0.0,34498.08,0,0,0,0,192600,192600,34498.08
BR0377,0,31227,0,0,31227,0,0,0,0,31227,0,0,0,0,558,558,0.0,0.0,0.0,0.0,14988.96,0,0,0,0,83700,83700,14988.96
BR0378,0,0,0,8811,8811,0,8114,697,0,0,0,145,13,0,0,158,0.0,3894.72,460.02,0.0,0.0,0,21750,1950,0,0,23700,4354.74
BR0379,2,0,0,67892,67894,0,50646,0,17248,0,0,905,0,308,0,1213,0.0,24310.08,0.0,7244.16,0.0,0,135750,0,46200,0,181950,31554.24
BR0380,584,0,0,122186,122770,53989,43273,16762,8746,0,965,773,300,157,0,2195,29154.06,25963.8,11062.92,5772.360000000001,0.0,144750,115950,45000,23550,0,329250,71953.14
BR0381,0,0,0,30911,30911,0,6954,23957,0,0,0,125,428,0,0,553,0.0,4172.4,14374.2,0.0,0.0,0,18750,64200,0,0,82950,18546.6
BR0382,9892,0,0,61298,71190,0,40982,0,30208,0,0,732,0,540,0,1272,0.0,24589.2,0.0,18124.8,0.0,0,109800,0,81000,0,190800,42714.0
BR0383,1051,0,0,15386,16437,13508,0,0,2929,0,242,0,0,53,0,295,8104.799999999999,0.0,0.0,1757.4,0.0,36300,0,0,7950,0,44250,9862.2
BR0384,1437,0,0,19034,20471,7628,0,0,12843,0,120,0,0,201,0,321,5034.4800000000005,0.0,0.0,6935.22,0.0,18000,0,0,30150,0,48150,11969.7
BR0385,133,28,59,2,222,35,79,51,26,31,1,2,1,1,1,6,23.1,52.14,33.660000000000004,14.04,20.46,150,300,150,150,150,900,143.4
BR0386,134,28,59,2,223,35,79,52,26,31,1,2,1,1,1,6,25.025,46.215,23.66,18.59,22.165,150,300,150,150,150,900,135.655
BR0387,0,0,0,5144,5144,0,0,5144,0,0,0,0,81,0,0,81,0.0,0.0,2340.52,0.0,0.0,0,0,12150,0,0,12150,2340.52
BR0388,1613,0,0,61227,62840,0,49527,13313,0,0,0,885,238,0,0,1123,0.0,25754.04,9518.795,0.0,0.0,0,132750,35700,0,0,168450,35272.835
BR0389,0,0,0,2295,2295,0,2295,0,0,0,0,36,0,0,0,36,0.0,1514.7,0.0,0.0,0.0,0,5400,0,0,0,5400,1514.7
BR0390,0,0,0,3517,3517,0,3517,0,0,0,0,63,0,0,0,63,0.0,1688.16,0.0,0.0,0.0,0,9450,0,0,0,9450,1688.16
BR0391,1226086,0,265033,0,1491119,0,1151498,339621,0,0,0,15994,4717,0,0,20711,0.0,483629.16,163018.08,0.0,0.0,0,2399100,707550,0,0,3106650,646647.24
BR0392,37497,0,243,0,37740,0,33494,4246,0,0,0,621,79,0,0,700,0.0,21771.1,3035.89,0.0,0.0,0,93150,11850,0,0,105000,24806.99
BR0393,19231,0,0,0,19231,0,0,19231,0,0,0,0,268,0,0,268,0.0,0.0,9230.88,0.0,0.0,0,0,40200,0,0,40200,9230.88
BR0394,27637,0,0,0,27637,0,0,27637,0,0,0,0,432,0,0,432,0.0,0.0,17964.05,0.0,0.0,0,0,64800,0,0,64800,17964.05
BR0395,206835,0,18454,0,225289,0,225289,0,0,0,0,3130,0,0,0,3130,0.0,117150.28,0.0,0.0,0.0,0,469500,0,0,0,469500,117150.28
BR0396,1933,2,515633,18382,535950,0,535950,0,0,0,0,8375,0,0,0,8375,0.0,243857.25,0.0,0.0,0.0,0,1256250,0,0,0,1256250,243857.25
BR0397,0,1,484350,0,484351,0,484351,0,0,0,0,10091,0,0,0,10091,0.0,232488.48,0.0,0.0,0.0,0,1513650,0,0,0,1513650,232488.48
BR0398,0,0,71218,0,71218,0,71218,0,0,0,0,1113,0,0,0,1113,0.0,37033.36,0.0,0.0,0.0,0,166950,0,0,0,166950,37033.36
BR0399,1417,0,24732,0,26149,0,0,26149,0,0,0,0,654,0,0,654,0.0,0.0,16996.850000000002,0.0,0.0,0,0,98100,0,0,98100,16996.850000000002
BR0400,17214,0,0,0,17214,0,0,0,0,17214,0,0,0,0,431,431,0.0,0.0,0.0,0.0,12308.01,0,0,0,0,64650,64650,12308.01
BR0401,8746,0,12414,0,21160,0,8112,0,0,13048,0,151,0,0,242,393,0.0,4380.4800000000005,0.0,0.0,8611.68,0,22650,0,0,36300,58950,12992.16
BR0402,0,16214,0,0,16214,0,0,0,0,16214,0,0,0,0,226,226,0.0,0.0,0.0,0.0,11593.01,0,0,0,0,33900,33900,11593.01
BR0403,128,27,57,2,214,33,76,50,25,30,1,2,2,1,1,7,23.595,54.34,35.75,17.875,21.45,150,300,300,150,150,1050,153.01
BR0404,129,27,57,2,215,34,76,50,25,30,1,2,1,1,1,6,24.31,54.34,35.75,17.875,21.45,150,300,150,150,150,900,153.72499999999997
BR0405,129,27,58,2,216,34,77,50,25,30,1,2,1,1,1,6,15.47,35.035000000000004,35.75,13.0,21.45,150,300,150,150,150,900,120.705
BR0406,130,27,58,2,217,34,77,51,25,30,1,2,2,1,1,7,24.31,35.035000000000004,33.15,14.625,21.45,150,300,300,150,150,1050,128.57
BR0407,1944,0,0,0,1944,0,0,1944,0,0,0,0,41,0,0,41,0.0,0.0,1137.24,0.0,0.0,0,0,6150,0,0,6150,1137.24
BR0408,131,27,59,2,219,34,78,51,26,30,1,2,2,1,1,7,24.31,35.49,33.15,15.21,21.45,150,300,300,150,150,1050,129.61
BR0409,132,27,59,2,220,34,78,51,26,31,1,2,1,1,1,6,24.31,55.77,36.465,18.59,22.165,150,300,150,150,150,900,157.29999999999998
BR0410,4903,0,0,0,4903,0,0,4903,0,0,0,0,103,0,0,103,0.0,0.0,3775.31,0.0,0.0,0,0,15450,0,0,15450,3775.31
BR0411,3001,0,0,0,3001,0,0,3001,0,0,0,0,47,0,0,47,0.0,0.0,1560.52,0.0,0.0,0,0,7050,0,0,7050,1560.52
BR0412,2347,0,0,0,2347,367,807,587,293,293,7,15,11,6,6,45,262.405,472.095,267.08500000000004,209.495,209.495,1050,2250,1650,900,900,6750,1420.5749999999998
BR0413,0,0,0,2014,2014,0,0,0,0,2014,0,0,0,0,36,36,0.0,0.0,0.0,0.0,1047.28,0,0,0,0,5400,5400,1047.28
BR0414,135,28,60,2,225,35,80,52,27,31,1,2,1,1,1,6,15.925,36.4,37.18,14.04,22.165,150,300,150,150,150,900,125.71
BR0415,136,28,60,2,226,35,80,53,27,31,1,2,2,1,1,7,25.025,36.4,27.56,19.305,22.165,150,300,300,150,150,1050,130.45499999999998
BR0416,128,27,57,2,214,33,76,50,25,30,1,2,1,1,1,6,15.015,34.58,35.75,13.0,21.45,150,300,150,150,150,900,119.795
BR0417,2761,0,0,0,2761,0,0,2761,0,0,0,0,50,0,0,50,0.0,0.0,1974.115,0.0,0.0,0,0,7500,0,0,7500,1974.115
BR0418,3942,0,0,0,3942,0,0,3942,0,0,0,0,71,0,0,71,0.0,0.0,2818.53,0.0,0.0,0,0,10650,0,0,10650,2818.53
BR0419,43300,0,0,0,43300,0,0,0,43300,0,0,0,0,722,0,722,0.0,0.0,0.0,25980.0,0.0,0,0,0,108300,0,108300,25980.0
BR0420,205852,0,0,0,205852,0,24227,0,181625,0,0,379,0,2838,0,3217,0.0,11628.96,0.0,76282.5,0.0,0,56850,0,425700,0,482550,87911.45999999999
BR0421,145803,0,0,0,145803,0,0,0,145803,0,0,0,0,2604,0,2604,0.0,0.0,0.0,61237.26,0.0,0,0,0,390600,0,390600,61237.26
