codigo_producto,volumen_producto_total,volumen_producto_planta_buenos_aires,volumen_producto_planta_curitiba,volumen_producto_planta_santiago,volumen_producto_planta_monterrey,volumen_producto_planta_bakersfield,cantidad_pallets_planta_buenos_aires,cantidad_pallets_planta_curitiba,cantidad_pallets_planta_santiago,cantidad_pallets_planta_monterrey,cantidad_pallets_planta_bakersfield,cantidad_pallets_total,costo_total_planta_buenos_aires,costo_total_planta_curitiba,costo_total_planta_santiago,costo_total_planta_monterrey,costo_total_planta_bakersfield,costo_pallets_planta_buenos_aires,costo_pallets_planta_curitiba,costo_pallets_planta_santiago,costo_pallets_planta_monterrey,costo_pallets_planta_bakersfield,costo_pallets_total,costo_total
BR0001,1546613,0,1431746,26583,88284,0,0,35794,665,2208,0,38667,0.0,701555.54,18608.1,55618.92,0.0,0,5369100,99750,331200,0,5800050,775782.56
BR0002,139211,0,139211,0,0,0,0,2901,0,0,0,2901,0.0,72389.72,0.0,0.0,0.0,0,435150,0,0,0,435150,72389.72
BR0003,172506,0,0,0,0,172506,0,0,0,0,2157,2157,0.0,0.0,0.0,0.0,96603.36000000002,0,0,0,0,323550,323550,96603.36000000002
BR0004,271715,0,0,0,0,271715,0,0,0,0,4853,4853,0.0,0.0,0.0,0.0,141291.80000000002,0,0,0,0,727950,727950,141291.80000000002
BR0005,7586,0,7586,0,0,0,0,159,0,0,0,159,0.0,4248.160000000001,0.0,0.0,0.0,0,23850,0,0,0,23850,4248.160000000001
BR0006,6901,0,6901,0,0,0,0,144,0,0,0,144,0.0,5313.77,0.0,0.0,0.0,0,21600,0,0,0,21600,5313.77
BR0007,46847,0,46847,0,0,0,0,976,0,0,0,976,0.0,27405.495,0.0,0.0,0.0,0,146400,0,0,0,146400,27405.495
BR0008,14639,14639,0,0,0,0,204,0,0,0,0,204,9222.57,0.0,0.0,0.0,0.0,30600,0,0,0,0,30600,9222.57
BR0009,18019,2814,6406,4193,2112,2494,40,89,59,30,35,253,1378.86,3138.94,3228.61,1182.72,1920.38,6000,13350,8850,4500,5250,37950,10849.509999999998
BR0010,24339,0,24339,0,0,0,0,305,0,0,0,305,0.0,11926.11,0.0,0.0,0.0,0,45750,0,0,0,45750,11926.11
BR0011,13433,0,0,13433,0,0,0,0,280,0,0,280,0.0,0.0,10343.41,0.0,0.0,0,0,42000,0,0,42000,10343.41
BR0012,281875,0,0,0,0,281875,0,0,0,0,4405,4405,0.0,0.0,0.0,0.0,157850.00000000003,0,0,0,0,660750,660750,157850.00000000003
BR0013,153252,0,153252,0,0,0,0,2737,0,0,0,2737,0.0,79691.04000000001,0.0,0.0,0.0,0,410550,0,0,0,410550,79691.04000000001
BR0014,56319,0,0,0,0,56319,0,0,0,0,1006,1006,0.0,0.0,0.0,0.0,31538.640000000003,0,0,0,0,150900,150900,31538.640000000003
BR0015,30911,0,0,0,0,30911,0,0,0,0,552,552,0.0,0.0,0.0,0.0,17310.16,0,0,0,0,82800,82800,17310.16
BR0016,30466,0,0,0,0,30466,0,0,0,0,545,545,0.0,0.0,0.0,0.0,17060.960000000003,0,0,0,0,81750,81750,17060.960000000003
BR0017,131799,0,131799,0,0,0,0,2354,0,0,0,2354,0.0,68535.48,0.0,0.0,0.0,0,353100,0,0,0,353100,68535.48
BR0018,181571,0,0,0,0,181571,0,0,0,0,3783,3783,0.0,0.0,0.0,0.0,101679.76,0,0,0,0,567450,567450,101679.76
BR0019,1447,0,1447,0,0,0,0,31,0,0,0,31,0.0,1034.605,0.0,0.0,0.0,0,4650,0,0,0,4650,1034.605
BR0020,91699,70380,0,0,21319,0,1100,0,0,334,0,1434,41172.3,0.0,0.0,9700.145,0.0,165000,0,0,50100,0,215100,50872.44499999999
BR0021,40184,40184,0,0,0,0,628,0,0,0,0,628,22503.04,0.0,0.0,0.0,0.0,94200,0,0,0,0,94200,22503.04
BR0022,14747,14747,0,0,0,0,264,0,0,0,0,264,9585.55,0.0,0.0,0.0,0.0,39600,0,0,0,0,39600,9585.55
BR0023,13807,0,13807,0,0,0,0,192,0,0,0,192,0.0,8698.41,0.0,0.0,0.0,0,28800,0,0,0,28800,8698.41
BR0024,3004,0,0,3004,0,0,0,0,54,0,0,54,0.0,0.0,1366.82,0.0,0.0,0,0,8100,0,0,8100,1366.82
BR0025,139891,44072,0,0,95819,0,613,0,0,1331,0,1944,21595.28,0.0,0.0,53658.64000000001,0.0,91950,0,0,199650,0,291600,75253.92000000001
BR0026,109226,68302,0,0,40924,0,1220,0,0,731,0,1951,38249.12,0.0,0.0,28646.8,0.0,183000,0,0,109650,0,292650,66895.92
BR0027,82289,82289,0,0,0,0,1143,0,0,0,0,1143,46081.84,0.0,0.0,0.0,0.0,171450,0,0,0,0,171450,46081.84
BR0028,3136,3136,0,0,0,0,56,0,0,0,0,56,2414.7200000000003,0.0,0.0,0.0,0.0,8400,0,0,0,0,8400,2414.7200000000003
BR0029,86631,86631,0,0,0,0,1204,0,0,0,0,1204,48513.36000000001,0.0,0.0,0.0,0.0,180600,0,0,0,0,180600,48513.36000000001
BR0030,29133,0,29133,0,0,0,0,405,0,0,0,405,0.0,20393.1,0.0,0.0,0.0,0,60750,0,0,0,60750,20393.1
BR0031,13965,13965,0,0,0,0,175,0,0,0,0,175,10753.05,0.0,0.0,0.0,0.0,26250,0,0,0,0,26250,10753.05
BR0032,14194,14194,0,0,0,0,178,0,0,0,0,178,10929.38,0.0,0.0,0.0,0.0,26700,0,0,0,0,26700,10929.38
BR0033,64963,64963,0,0,0,0,903,0,0,0,0,903,40926.69,0.0,0.0,0.0,0.0,135450,0,0,0,0,135450,40926.69
BR0034,730326,0,617364,112962,0,0,0,8575,1569,0,0,10144,0.0,302508.36,63258.72000000001,0.0,0.0,0,1286250,235350,0,0,1521600,365767.08
BR0035,15862,15862,0,0,0,0,248,0,0,0,0,248,10310.3,0.0,0.0,0.0,0.0,37200,0,0,0,0,37200,10310.3
BR0036,27685,11088,0,0,16597,0,139,0,0,208,0,347,8537.76,0.0,0.0,12779.69,0.0,20850,0,0,31200,0,52050,21317.45
BR0037,66140,0,0,66140,0,0,0,0,1182,0,0,1182,0.0,0.0,38691.9,0.0,0.0,0,0,177300,0,0,177300,38691.9
BR0038,31584,0,31584,0,0,0,0,564,0,0,0,564,0.0,14370.72,0.0,0.0,0.0,0,84600,0,0,0,84600,14370.72
BR0039,23523,0,23523,0,0,0,0,421,0,0,0,421,0.0,10702.965,0.0,0.0,0.0,0,63150,0,0,0,63150,10702.965
BR0040,12725,0,12725,0,0,0,0,228,0,0,0,228,0.0,5789.875,0.0,0.0,0.0,0,34200,0,0,0,34200,5789.875
BR0041,43428,0,43428,0,0,0,0,776,0,0,0,776,0.0,19759.74,0.0,0.0,0.0,0,116400,0,0,0,116400,19759.74
BR0042,31809,0,31809,0,0,0,0,498,0,0,0,498,0.0,14473.095,0.0,0.0,0.0,0,74700,0,0,0,74700,14473.095
BR0043,11771,11771,0,0,0,0,123,0,0,0,0,123,7062.599999999999,0.0,0.0,0.0,0.0,18450,0,0,0,0,18450,7062.599999999999
BR0044,2256,2256,0,0,0,0,24,0,0,0,0,24,1353.6,0.0,0.0,0.0,0.0,3600,0,0,0,0,3600,1353.6
BR0045,13225,13225,0,0,0,0,101,0,0,0,0,101,7935.0,0.0,0.0,0.0,0.0,15150,0,0,0,0,15150,7935.0
BR0046,8665,8665,0,0,0,0,91,0,0,0,0,91,5199.0,0.0,0.0,0.0,0.0,13650,0,0,0,0,13650,5199.0
BR0047,2166,2166,0,0,0,0,23,0,0,0,0,23,1299.6,0.0,0.0,0.0,0.0,3450,0,0,0,0,3450,1299.6
BR0048,222,35,79,51,26,31,1,2,1,1,1,6,16.8,52.14,33.660000000000004,17.16,20.46,150,300,150,150,150,900,140.22
BR0049,4328,4328,0,0,0,0,78,0,0,0,0,78,2337.1200000000003,0.0,0.0,0.0,0.0,11700,0,0,0,0,11700,2337.1200000000003
BR0050,9242,9242,0,0,0,0,145,0,0,0,0,145,6099.72,0.0,0.0,0.0,0.0,21750,0,0,0,0,21750,6099.72
BR0051,225,35,80,52,27,31,1,2,1,1,1,6,18.9,52.8,34.32,17.82,20.46,150,300,150,150,150,900,144.3
BR0052,68844,68844,0,0,0,0,1230,0,0,0,0,1230,33045.119999999995,0.0,0.0,0.0,0.0,184500,0,0,0,0,184500,33045.119999999995
BR0053,2320,2320,0,0,0,0,37,0,0,0,0,37,1531.2,0.0,0.0,0.0,0.0,5550,0,0,0,0,5550,1531.2
BR0054,42687,42687,0,0,0,0,763,0,0,0,0,763,23050.980000000003,0.0,0.0,0.0,0.0,114450,0,0,0,0,114450,23050.980000000003
BR0055,74368,74368,0,0,0,0,1328,0,0,0,0,1328,35696.64,0.0,0.0,0.0,0.0,199200,0,0,0,0,199200,35696.64
BR0056,15355,15355,0,0,0,0,275,0,0,0,0,275,7370.4,0.0,0.0,0.0,0.0,41250,0,0,0,0,41250,7370.4
BR0057,23499,23499,0,0,0,0,420,0,0,0,0,420,14099.4,0.0,0.0,0.0,0.0,63000,0,0,0,0,63000,14099.4
BR0058,7710,7710,0,0,0,0,59,0,0,0,0,59,4626.0,0.0,0.0,0.0,0.0,8850,0,0,0,0,8850,4626.0
BR0059,4286,4286,0,0,0,0,77,0,0,0,0,77,2314.44,0.0,0.0,0.0,0.0,11550,0,0,0,0,11550,2314.44
BR0060,28971,28971,0,0,0,0,518,0,0,0,0,518,15644.34,0.0,0.0,0.0,0.0,77700,0,0,0,0,77700,15644.34
BR0061,4504,4504,0,0,0,0,81,0,0,0,0,81,2432.1600000000003,0.0,0.0,0.0,0.0,12150,0,0,0,0,12150,2432.1600000000003
BR0062,6025,6025,0,0,0,0,108,0,0,0,0,108,3253.5,0.0,0.0,0.0,0.0,16200,0,0,0,0,16200,3253.5
BR0063,11555,11555,0,0,0,0,207,0,0,0,0,207,6239.700000000001,0.0,0.0,0.0,0.0,31050,0,0,0,0,31050,6239.700000000001
BR0064,14837,14837,0,0,0,0,265,0,0,0,0,265,8011.98,0.0,0.0,0.0,0.0,39750,0,0,0,0,39750,8011.98
BR0065,96294,0,0,0,0,96294,0,0,0,0,1204,1204,0.0,0.0,0.0,0.0,53924.64000000001,0,0,0,0,180600,180600,53924.64000000001
BR0066,59101,0,0,0,0,59101,0,0,0,0,739,739,0.0,0.0,0.0,0.0,37233.63,0,0,0,0,110850,110850,37233.63
BR0067,17211,0,17211,0,0,0,0,359,0,0,0,359,0.0,8949.720000000001,0.0,0.0,0.0,0,53850,0,0,0,53850,8949.720000000001
BR0068,40139,0,0,40139,0,0,0,0,628,0,0,628,0.0,0.0,28097.3,0.0,0.0,0,0,94200,0,0,94200,28097.3
BR0069,50453,0,7848,0,42605,0,0,123,0,666,0,789,0.0,5611.32,0.0,24923.925,0.0,0,18450,0,99900,0,118350,30535.245
BR0070,34374,0,11465,0,22909,0,0,180,0,358,0,538,0.0,5961.8,0.0,10423.595,0.0,0,27000,0,53700,0,80700,16385.395
BR0071,38905,38905,0,0,0,0,695,0,0,0,0,695,20230.6,0.0,0.0,0.0,0.0,104250,0,0,0,0,104250,20230.6
BR0072,41795,41795,0,0,0,0,747,0,0,0,0,747,21733.4,0.0,0.0,0.0,0.0,112050,0,0,0,0,112050,21733.4
BR0073,28834,0,0,0,0,28834,0,0,0,0,361,361,0.0,0.0,0.0,0.0,16147.04,0,0,0,0,54150,54150,16147.04
BR0074,26579,0,26579,0,0,0,0,475,0,0,0,475,0.0,17276.350000000002,0.0,0.0,0.0,0,71250,0,0,0,71250,17276.350000000002
BR0075,21503,0,21503,0,0,0,0,448,0,0,0,448,0.0,11181.56,0.0,0.0,0.0,0,67200,0,0,0,67200,11181.56
BR0076,34665,5413,12325,8066,4063,4798,68,155,101,51,60,435,3870.295,7210.125,5242.900000000001,2905.045,3430.57,10200,23250,15150,7650,9000,65250,22658.935
BR0077,882124,0,0,882124,0,0,0,0,18378,0,0,18378,0.0,0.0,432240.76,0.0,0.0,0,0,2756700,0,0,2756700,432240.76
BR0078,1153925,0,0,1153925,0,0,0,0,24041,0,0,24041,0.0,0.0,525035.875,0.0,0.0,0,0,3606150,0,0,3606150,525035.875
BR0079,34751,0,0,34751,0,0,0,0,724,0,0,724,0.0,0.0,18070.52,0.0,0.0,0,0,108600,0,0,108600,18070.52
BR0080,25092,0,0,25092,0,0,0,0,523,0,0,523,0.0,0.0,14678.82,0.0,0.0,0,0,78450,0,0,78450,14678.82
BR0081,4121,0,4121,0,0,0,0,86,0,0,0,86,0.0,2946.515,0.0,0.0,0.0,0,12900,0,0,0,12900,2946.515
BR0082,39328,0,4555,34773,0,0,0,95,725,0,0,820,0.0,3256.825,22602.45,0.0,0.0,0,14250,108750,0,0,123000,25859.275
BR0083,70617,0,0,70617,0,0,0,0,1472,0,0,1472,0.0,0.0,32130.735,0.0,0.0,0,0,220800,0,0,220800,32130.735
BR0084,24454,0,0,24454,0,0,0,0,510,0,0,510,0.0,0.0,12716.08,0.0,0.0,0,0,76500,0,0,76500,12716.08
BR0085,17199,0,2066,15133,0,0,0,44,316,0,0,360,0.0,1477.1899999999998,8852.805,0.0,0.0,0,6600,47400,0,0,54000,10329.995
BR0086,32651,0,0,32651,0,0,0,0,584,0,0,584,0.0,0.0,22855.7,0.0,0.0,0,0,87600,0,0,87600,22855.7
BR0087,16019,0,16019,0,0,0,0,251,0,0,0,251,0.0,10091.97,0.0,0.0,0.0,0,37650,0,0,0,37650,10091.97
BR0088,10654,0,0,10654,0,0,0,0,191,0,0,191,0.0,0.0,4847.570000000001,0.0,0.0,0,0,28650,0,0,28650,4847.570000000001
BR0089,33240,0,33240,0,0,0,0,594,0,0,0,594,0.0,23268.0,0.0,0.0,0.0,0,89100,0,0,0,89100,23268.0
BR0090,53180,0,0,0,53180,0,0,0,0,831,0,831,0.0,0.0,0.0,33503.4,0.0,0,0,0,124650,0,124650,33503.4
BR0091,35060,0,0,0,35060,0,0,0,0,548,0,548,0.0,0.0,0.0,24542.0,0.0,0,0,0,82200,0,82200,24542.0
BR0092,995319,0,367465,0,99701,528153,0,7656,0,2078,11004,20738,0.0,191081.8,0.0,45363.955,240309.615,0,1148400,0,311700,1650600,3110700,476755.37
BR0092,976109,0,360373,0,97776,517960,0,6436,0,1746,9250,17432,0.0,187393.96,0.0,57198.96,235671.8,0,965400,0,261900,1387500,2614800,480264.72
BR0093,1345630,0,0,0,1345630,0,0,0,0,28034,0,28034,0.0,0.0,0.0,612261.65,0.0,0,0,0,4205100,0,4205100,612261.65
BR0094,2592909,0,789405,52684,1173993,576827,0,14097,941,20965,10301,46304,0.0,359179.275,27395.68,534166.8150000001,262456.28500000003,0,2114550,141150,3144750,1545150,6945600,1183198.0550000002
BR0094,2555805,0,778109,51931,1157193,568572,0,13895,928,20665,10154,45642,0.0,354039.59500000003,27004.120000000003,526522.8150000001,258700.26,0,2084250,139200,3099750,1523100,6846300,1166266.79
BR0095,660917,0,0,0,660917,0,0,0,0,11803,0,11803,0.0,0.0,0.0,300717.235,0.0,0,0,0,1770450,0,1770450,300717.235
BR0096,425529,0,123907,0,301622,0,0,1937,0,4713,0,6650,0.0,64431.64,0.0,137238.01,0.0,0,290550,0,706950,0,997500,201669.65
BR0097,137695,0,22469,0,115226,0,0,352,0,1801,0,2153,0.0,15728.3,0.0,64526.560000000005,0.0,0,52800,0,270150,0,322950,80254.86
BR0098,342718,0,85883,0,256835,0,0,1342,0,4014,0,5356,0.0,50241.555,0.0,116859.925,0.0,0,201300,0,602100,0,803400,167101.48
BR0099,64345,0,0,0,64345,0,0,0,0,1006,0,1006,0.0,0.0,0.0,36033.2,0.0,0,0,0,150900,0,150900,36033.2
BR0100,78594,78594,0,0,0,0,1092,0,0,0,0,1092,49514.22,0.0,0.0,0.0,0.0,163800,0,0,0,0,163800,49514.22
BR0101,22584,22584,0,0,0,0,314,0,0,0,0,314,15808.8,0.0,0.0,0.0,0.0,47100,0,0,0,0,47100,15808.8
BR0102,26836,0,26836,0,0,0,0,373,0,0,0,373,0.0,15699.06,0.0,0.0,0.0,0,55950,0,0,0,55950,15699.06
BR0103,61923,61923,0,0,0,0,968,0,0,0,0,968,39011.49,0.0,0.0,0.0,0.0,145200,0,0,0,0,145200,39011.49
BR0104,147015,147015,0,0,0,0,2298,0,0,0,0,2298,82328.40000000001,0.0,0.0,0.0,0.0,344700,0,0,0,0,344700,82328.40000000001
BR0105,1004197,304156,700041,0,0,0,4225,9723,0,0,0,13948,149036.44,343020.09,0.0,0.0,0.0,633750,1458450,0,0,0,2092200,492056.53
BR0106,12592,0,0,12592,0,0,0,0,225,0,0,225,0.0,0.0,9003.279999999999,0.0,0.0,0,0,33750,0,0,33750,9003.279999999999
BR0107,81566,0,0,81566,0,0,0,0,1457,0,0,1457,0.0,0.0,47716.11,0.0,0.0,0,0,218550,0,0,218550,47716.11
BR0108,11355,0,11355,0,0,0,0,284,0,0,0,284,0.0,8118.825,0.0,0.0,0.0,0,42600,0,0,0,42600,8118.825
BR0109,17891,0,17891,0,0,0,0,448,0,0,0,448,0.0,12792.065,0.0,0.0,0.0,0,67200,0,0,0,67200,12792.065
BR0110,126269,0,0,0,126269,0,0,0,0,2255,0,2255,0.0,0.0,0.0,57452.395,0.0,0,0,0,338250,0,338250,57452.395
BR0111,214237,0,47356,0,166881,0,0,740,0,2608,0,3348,0.0,24625.120000000003,0.0,75930.855,0.0,0,111000,0,391200,0,502200,100555.975
BR0112,23107,0,0,0,23107,0,0,0,0,362,0,362,0.0,0.0,0.0,10513.685,0.0,0,0,0,54300,0,54300,10513.685
BR0113,7783,0,0,0,0,7783,0,0,0,0,163,163,0.0,0.0,0.0,0.0,5992.91,0,0,0,0,24450,24450,5992.91
BR0114,9070,9070,0,0,0,0,189,0,0,0,0,189,5986.200000000001,0.0,0.0,0.0,0.0,28350,0,0,0,0,28350,5986.200000000001
BR0115,51630,0,0,51630,0,0,0,0,1076,0,0,1076,0.0,0.0,25298.7,0.0,0.0,0,0,161400,0,0,161400,25298.7
BR0116,6730,0,6730,0,0,0,0,85,0,0,0,85,0.0,3297.7,0.0,0.0,0.0,0,12750,0,0,0,12750,3297.7
BR0117,28815,0,0,28815,0,0,0,0,601,0,0,601,0.0,0.0,14119.35,0.0,0.0,0,0,90150,0,0,90150,14119.35
BR0118,16633,0,16633,0,0,0,0,298,0,0,0,298,0.0,9730.305,0.0,0.0,0.0,0,44700,0,0,0,44700,9730.305
BR0119,35599,0,0,35599,0,0,0,0,495,0,0,495,0.0,0.0,23139.35,0.0,0.0,0,0,74250,0,0,74250,23139.35
BR0120,439,439,0,0,0,0,7,0,0,0,0,7,289.74,0.0,0.0,0.0,0.0,1050,0,0,0,0,1050,289.74
BR0121,12373,0,12373,0,0,0,0,310,0,0,0,310,0.0,9527.21,0.0,0.0,0.0,0,46500,0,0,0,46500,9527.21
BR0122,14021,0,14021,0,0,0,0,439,0,0,0,439,0.0,9113.65,0.0,0.0,0.0,0,65850,0,0,0,65850,9113.65
BR0123,9196,0,0,0,0,9196,0,0,0,0,192,192,0.0,0.0,0.0,0.0,7080.92,0,0,0,0,28800,28800,7080.92
BR0124,12307,0,12307,0,0,0,0,385,0,0,0,385,0.0,7999.55,0.0,0.0,0.0,0,57750,0,0,0,57750,7999.55
BR0125,16473,0,4057,12416,0,0,0,64,194,0,0,258,0.0,3123.89,7822.08,0.0,0.0,0,9600,29100,0,0,38700,10945.97
BR0126,58942,58942,0,0,0,0,1228,0,0,0,0,1228,37133.46,0.0,0.0,0.0,0.0,184200,0,0,0,0,184200,37133.46
BR0127,67606,0,0,67606,0,0,0,0,1057,0,0,1057,0.0,0.0,42591.78,0.0,0.0,0,0,158550,0,0,158550,42591.78
BR0128,5523,0,0,0,5523,0,0,0,0,87,0,87,0.0,0.0,0.0,2512.965,0.0,0,0,0,13050,0,13050,2512.965
BR0129,2589,0,0,0,2589,0,0,0,0,41,0,41,0.0,0.0,0.0,1177.995,0.0,0,0,0,6150,0,6150,1177.995
BR0130,116047,0,116047,0,0,0,0,2418,0,0,0,2418,0.0,60344.44,0.0,0.0,0.0,0,362700,0,0,0,362700,60344.44
BR0131,49927,0,0,0,0,49927,0,0,0,0,1041,1041,0.0,0.0,0.0,0.0,32452.550000000003,0,0,0,0,156150,156150,32452.550000000003
BR0132,44079,6883,15672,10257,5166,6101,123,280,184,93,109,789,4921.344999999999,10186.8,7333.755,3693.69,4362.215,18450,42000,27600,13950,16350,118350,30497.805
BR0133,17366,2712,6174,4041,2035,2404,49,111,73,37,43,313,1939.08,4013.1,2889.315,1455.025,1718.86,7350,16650,10950,5550,6450,46950,12015.38
BR0134,915606,827898,0,87708,0,0,17248,0,1828,0,0,19076,405670.02,0.0,55256.04,0.0,0.0,2587200,0,274200,0,0,2861400,460926.06
BR0135,46669,46669,0,0,0,0,973,0,0,0,0,973,32668.3,0.0,0.0,0.0,0.0,145950,0,0,0,0,145950,32668.3
BR0136,175962,101927,74035,0,0,0,2124,1543,0,0,0,3667,48924.96,39978.9,0.0,0.0,0.0,318600,231450,0,0,0,550050,88903.86
BR0136,188630,109265,79365,0,0,0,2277,1654,0,0,0,3931,52447.2,42857.100000000006,0.0,0.0,0.0,341550,248100,0,0,0,589650,95304.3
BR0137,372701,0,347390,25311,0,0,0,8685,633,0,0,9318,0.0,180642.8,16452.15,0.0,0.0,0,1302750,94950,0,0,1397700,197094.95
BR0138,1754,1754,0,0,0,0,19,0,0,0,0,19,1052.4,0.0,0.0,0.0,0.0,2850,0,0,0,0,2850,1052.4
BR0139,71748,0,71748,0,0,0,0,1495,0,0,0,1495,0.0,41972.58,0.0,0.0,0.0,0,224250,0,0,0,224250,41972.58
BR0140,16510,0,16510,0,0,0,0,295,0,0,0,295,0.0,9245.6,0.0,0.0,0.0,0,44250,0,0,0,44250,9245.6
BR0141,57749,0,57749,0,0,0,0,1032,0,0,0,1032,0.0,32339.44,0.0,0.0,0.0,0,154800,0,0,0,154800,32339.44
BR0142,29780,0,29780,0,0,0,0,745,0,0,0,745,0.0,20846.0,0.0,0.0,0.0,0,111750,0,0,0,111750,20846.0
BR0143,280409,0,0,0,280409,0,0,0,0,5842,0,5842,0.0,0.0,0.0,157029.04,0.0,0,0,0,876300,0,876300,157029.04
BR0144,145199,0,0,0,145199,0,0,0,0,2269,0,2269,0.0,0.0,0.0,81311.44,0.0,0,0,0,340350,0,340350,81311.44
BR0145,82540,0,54263,4459,23818,0,0,754,62,331,0,1147,0.0,34185.69,3433.4300000000003,16672.6,0.0,0,113100,9300,49650,0,172050,54291.72
BR0146,73335,0,16673,0,56662,0,0,232,0,787,0,1019,0.0,11921.195,0.0,33147.27,0.0,0,34800,0,118050,0,152850,45068.465
BR0147,854892,0,546731,308161,0,0,0,8543,4816,0,0,13359,0.0,267898.19,172570.16,0.0,0.0,0,1281450,722400,0,0,2003850,440468.35
BR0148,324788,0,192086,132702,0,0,0,2668,1844,0,0,4512,0.0,107568.16,74313.12000000001,0.0,0.0,0,400200,276600,0,0,676800,181881.28000000003
BR0149,36155,0,0,36155,0,0,0,0,503,0,0,503,0.0,0.0,22777.65,0.0,0.0,0,0,75450,0,0,75450,22777.65
BR0150,134280,0,104569,29711,0,0,0,1634,465,0,0,2099,0.0,58558.64000000001,20797.7,0.0,0.0,0,245100,69750,0,0,314850,79356.34
BR0151,95425,0,0,95425,0,0,0,0,1705,0,0,1705,0.0,0.0,46758.25,0.0,0.0,0,0,255750,0,0,255750,46758.25
BR0152,118353,0,0,118353,0,0,0,0,1850,0,0,1850,0.0,0.0,66277.68000000001,0.0,0.0,0,0,277500,0,0,277500,66277.68000000001
BR0153,173204,0,0,173204,0,0,0,0,3093,0,0,3093,0.0,0.0,96994.24,0.0,0.0,0,0,463950,0,0,463950,96994.24
BR0154,182630,0,106658,75972,0,0,0,1667,1188,0,0,2855,0.0,52262.42,42544.32000000001,0.0,0.0,0,250050,178200,0,0,428250,94806.74
BR0155,54010,0,54010,0,0,0,0,844,0,0,0,844,0.0,34026.3,0.0,0.0,0.0,0,126600,0,0,0,126600,34026.3
BR0156,15948,0,0,15948,0,0,0,0,222,0,0,222,0.0,0.0,10047.24,0.0,0.0,0,0,33300,0,0,33300,10047.24
BR0157,457363,0,0,457363,0,0,0,0,9529,0,0,9529,0.0,0.0,224107.87,0.0,0.0,0,0,1429350,0,0,1429350,224107.87
BR0158,18452,0,18452,0,0,0,0,231,0,0,0,231,0.0,11624.76,0.0,0.0,0.0,0,34650,0,0,0,34650,11624.76
BR0159,327232,0,327232,0,0,0,0,4091,0,0,0,4091,0.0,160343.68,0.0,0.0,0.0,0,613650,0,0,0,613650,160343.68
BR0160,160367,0,160367,0,0,0,0,2005,0,0,0,2005,0.0,78579.83,0.0,0.0,0.0,0,300750,0,0,0,300750,78579.83
BR0161,23617,3688,8397,5495,2768,3269,52,117,77,39,46,331,2839.76,4702.320000000001,3077.2000000000003,2131.36,2517.13,7800,17550,11550,5850,6900,49650,15267.77
BR0162,110959,110959,0,0,0,0,1982,0,0,0,0,1982,53260.32,0.0,0.0,0.0,0.0,297300,0,0,0,0,297300,53260.32
BR0163,55634,0,55634,0,0,0,0,870,0,0,0,870,0.0,35049.42,0.0,0.0,0.0,0,130500,0,0,0,130500,35049.42
BR0164,8847,0,8847,0,0,0,0,101,0,0,0,101,0.0,6812.1900000000005,0.0,0.0,0.0,0,15150,0,0,0,15150,6812.1900000000005
BR0165,12486,12486,0,0,0,0,174,0,0,0,0,174,8240.76,0.0,0.0,0.0,0.0,26100,0,0,0,0,26100,8240.76
BR0166,29944,4676,10646,6968,3509,4145,54,121,80,40,48,343,3600.52,8197.42,5365.36,2701.93,2321.2000000000003,8100,18150,12000,6000,7200,51450,22186.43
BR0167,3705,579,1317,862,434,513,7,15,10,5,6,43,413.985,941.655,616.3299999999999,310.31,366.795,1050,2250,1500,750,900,6450,2649.075
BR0168,49781,7774,17699,11584,5834,6890,122,277,181,92,108,780,5985.9800000000005,13628.23,8919.68,4492.18,5305.3,18300,41550,27150,13800,16200,117000,38331.37
BR0169,20923,20923,0,0,0,0,327,0,0,0,0,327,12553.8,0.0,0.0,0.0,0.0,49050,0,0,0,0,49050,12553.8
BR0170,7370,1151,2620,1715,864,1020,14,30,20,10,12,86,886.27,2017.4,1320.55,665.28,571.2,2100,4500,3000,1500,1800,12900,5460.7
BR0171,54930,0,54930,0,0,0,0,687,0,0,0,687,0.0,34605.9,0.0,0.0,0.0,0,103050,0,0,0,103050,34605.9
BR0172,39018,0,24528,14490,0,0,0,438,259,0,0,697,0.0,15452.64,7100.099999999999,0.0,0.0,0,65700,38850,0,0,104550,22552.74
BR0173,329481,0,216546,112935,0,0,0,3384,1765,0,0,5149,0.0,121265.76,63243.600000000006,0.0,0.0,0,507600,264750,0,0,772350,184509.36
BR0174,49557,0,49557,0,0,0,0,620,0,0,0,620,0.0,24282.93,0.0,0.0,0.0,0,93000,0,0,0,93000,24282.93
BR0175,18028,0,18028,0,0,0,0,376,0,0,0,376,0.0,8833.72,0.0,0.0,0.0,0,56400,0,0,0,56400,8833.72
BR0176,18642,2911,6628,4338,2185,2580,37,83,55,28,33,236,2081.365,3877.38,2819.7000000000003,1562.275,1844.7,5550,12450,8250,4200,4950,35400,12185.419999999998
BR0177,2754,430,979,641,323,381,6,13,9,5,5,38,307.45,572.7149999999999,416.65,230.945,272.415,900,1950,1350,750,750,5700,1800.175
BR0178,75216,11746,26742,17502,8815,10411,147,335,219,111,131,943,7634.900000000001,15644.07,10238.67,5729.75,6767.150000000001,22050,50250,32850,16650,19650,141450,46014.54
BR0179,26499,4138,9421,6166,3106,3668,48,108,71,36,42,305,3186.26,7254.17,4747.82,2391.62,2824.36,7200,16200,10650,5400,6300,45750,20404.23
BR0180,34641,5409,12316,8061,4060,4795,68,154,101,51,60,434,3867.435,7204.86,5239.650000000001,2902.9,3428.425,10200,23100,15150,7650,9000,65100,22643.27
BR0181,32410,5061,11523,7542,3798,4486,64,145,95,48,57,409,3618.615,6740.955,4902.3,2715.57,3207.49,9600,21750,14250,7200,8550,61350,21184.93
BR0182,338761,52901,120441,78828,39703,46888,945,2151,1408,709,838,6051,30947.085,62629.32,46114.38,25806.95,30477.2,141750,322650,211200,106350,125700,907650,195974.93500000003
BR0183,38855,0,0,38855,0,0,0,0,694,0,0,694,0.0,0.0,22730.175,0.0,0.0,0,0,104100,0,0,104100,22730.175
BR0184,5895,0,3230,2665,0,0,0,51,42,0,0,93,0.0,2487.1,2052.05,0.0,0.0,0,7650,6300,0,0,13950,4539.15
BR0185,47249,0,0,47249,0,0,0,0,985,0,0,985,0.0,0.0,21498.295,0.0,0.0,0,0,147750,0,0,147750,21498.295
BR0186,79871,0,2196,77675,0,0,0,35,1214,0,0,1249,0.0,1383.48,43498.00000000001,0.0,0.0,0,5250,182100,0,0,187350,44881.48000000001
BR0187,614,614,0,0,0,0,13,0,0,0,0,13,439.01,0.0,0.0,0.0,0.0,1950,0,0,0,0,1950,439.01
BR0188,170713,26659,60694,39724,20008,23628,417,949,621,313,370,2670,17328.350000000002,35505.99,25820.6,13005.2,15358.2,62550,142350,93150,46950,55500,400500,107018.34
BR0189,560602,0,560602,0,0,0,0,10011,0,0,0,10011,0.0,255073.91,0.0,0.0,0.0,0,1501650,0,0,0,1501650,255073.91
BR0189,553793,0,553793,0,0,0,0,9890,0,0,0,9890,0.0,251975.815,0.0,0.0,0.0,0,1483500,0,0,0,1483500,251975.815
BR0190,17369,0,17369,0,0,0,0,311,0,0,0,311,0.0,7902.895,0.0,0.0,0.0,0,46650,0,0,0,46650,7902.895
BR0191,88246,40731,0,47515,0,0,728,0,849,0,0,1577,21180.12,0.0,27796.275,0.0,0.0,109200,0,127350,0,0,236550,48976.395
BR0192,93784,0,0,0,0,93784,0,0,0,0,1466,1466,0.0,0.0,0.0,0.0,59083.92,0,0,0,0,219900,219900,59083.92
BR0193,352706,0,0,264390,0,88316,0,0,5509,0,1840,7349,0.0,0.0,120297.45,0.0,45924.32,0,0,826350,0,276000,1102350,166221.77
BR0193,331411,0,0,248427,0,82984,0,0,5176,0,1729,6905,0.0,0.0,113034.285,0.0,43151.68,0,0,776400,0,259350,1035750,156185.965
BR0194,48228,7531,17147,11223,5652,6675,157,358,234,118,140,1007,5384.665,10030.995,8024.445,4041.18,4772.625,23550,53700,35100,17700,21000,151050,32253.91
BR0195,315717,0,0,0,0,315717,0,0,0,0,6578,6578,0.0,0.0,0.0,0.0,143651.23500000002,0,0,0,0,986700,986700,143651.23500000002
BR0195,325352,0,0,0,0,325352,0,0,0,0,6779,6779,0.0,0.0,0.0,0.0,148035.16,0,0,0,0,1016850,1016850,148035.16
BR0196,31013,0,0,0,0,31013,0,0,0,0,647,647,0.0,0.0,0.0,0.0,21709.1,0,0,0,0,97050,97050,21709.1
BR0197,61138,61138,0,0,0,0,956,0,0,0,0,956,38516.94,0.0,0.0,0.0,0.0,143400,0,0,0,0,143400,38516.94
BR0198,216760,216760,0,0,0,0,3011,0,0,0,0,3011,104044.8,0.0,0.0,0.0,0.0,451650,0,0,0,0,451650,104044.8
BR0199,43003,43003,0,0,0,0,768,0,0,0,0,768,24081.680000000004,0.0,0.0,0.0,0.0,115200,0,0,0,0,115200,24081.680000000004
BR0200,70691,70691,0,0,0,0,982,0,0,0,0,982,39586.96000000001,0.0,0.0,0.0,0.0,147300,0,0,0,0,147300,39586.96000000001
BR0201,18969,18969,0,0,0,0,297,0,0,0,0,297,12329.85,0.0,0.0,0.0,0.0,44550,0,0,0,0,44550,12329.85
BR0202,81074,81074,0,0,0,0,1014,0,0,0,0,1014,51076.62,0.0,0.0,0.0,0.0,152100,0,0,0,0,152100,51076.62
BR0203,319106,22211,0,0,296895,0,348,0,0,4639,0,4987,14437.15,0.0,0.0,135087.225,0.0,52200,0,0,695850,0,748050,149524.375
BR0204,76437,0,0,0,76437,0,0,0,0,1365,0,1365,0.0,0.0,0.0,34778.835,0.0,0,0,0,204750,0,204750,34778.835
BR0205,322395,0,42942,279453,0,0,0,767,4991,0,0,5758,0.0,27053.46,136931.97,0.0,0.0,0,115050,748650,0,0,863700,163985.43
BR0206,540468,0,58719,481749,0,0,0,918,7528,0,0,8446,0.0,32882.64000000001,236057.01,0.0,0.0,0,137700,1129200,0,0,1266900,268939.65
BR0207,738947,0,17685,721262,0,0,0,277,11270,0,0,11547,0.0,9903.6,353418.38,0.0,0.0,0,41550,1690500,0,0,1732050,363321.98
BR0208,8399,0,0,8399,0,0,0,0,150,0,0,150,0.0,0.0,3821.545,0.0,0.0,0,0,22500,0,0,22500,3821.545
BR0209,18727,2924,6658,4358,2195,2592,41,93,61,31,36,262,2251.48,5126.66,3355.66,1690.15,1451.5200000000002,6150,13950,9150,4650,5400,39300,13875.47
BR0209,20283,3168,7211,4720,2377,2807,44,101,66,34,39,284,2439.36,5552.47,3634.4,1830.29,2161.39,6600,15150,9900,5100,5850,42600,15617.91
BR0210,61059,0,0,0,0,61059,0,0,0,0,764,764,0.0,0.0,0.0,0.0,34193.04,0,0,0,0,114600,114600,34193.04
BR0211,47588,0,0,0,0,47588,0,0,0,0,595,595,0.0,0.0,0.0,0.0,26649.28,0,0,0,0,89250,89250,26649.28
BR0212,41492,0,0,0,0,41492,0,0,0,0,1297,1297,0.0,0.0,0.0,0.0,29044.4,0,0,0,0,194550,194550,29044.4
BR0213,48018,0,48018,0,0,0,0,751,0,0,0,751,0.0,28090.53,0.0,0.0,0.0,0,112650,0,0,0,112650,28090.53
BR0214,30969,0,30969,0,0,0,0,431,0,0,0,431,0.0,18116.865,0.0,0.0,0.0,0,64650,0,0,0,64650,18116.865
BR0215,3685,0,3685,0,0,0,0,52,0,0,0,52,0.0,2155.725,0.0,0.0,0.0,0,7800,0,0,0,7800,2155.725
BR0216,39557,0,39557,0,0,0,0,495,0,0,0,495,0.0,23140.845,0.0,0.0,0.0,0,74250,0,0,0,74250,23140.845
BR0217,28667,0,28667,0,0,0,0,359,0,0,0,359,0.0,18633.55,0.0,0.0,0.0,0,53850,0,0,0,53850,18633.55
BR0218,1962,0,0,0,0,1962,0,0,0,0,25,25,0.0,0.0,0.0,0.0,1510.74,0,0,0,0,3750,3750,1510.74
BR0219,50402,0,50402,0,0,0,0,631,0,0,0,631,0.0,29485.17,0.0,0.0,0.0,0,94650,0,0,0,94650,29485.17
BR0220,34704,0,34704,0,0,0,0,482,0,0,0,482,0.0,18046.08,0.0,0.0,0.0,0,72300,0,0,0,72300,18046.08
BR0221,234214,0,75581,158633,0,0,0,1050,2204,0,0,3254,0.0,44214.885,82489.16,0.0,0.0,0,157500,330600,0,0,488100,126704.045
BR0222,59044,0,59044,0,0,0,0,923,0,0,0,923,0.0,30702.88,0.0,0.0,0.0,0,138450,0,0,0,138450,30702.88
BR0223,55345,0,48316,7029,0,0,0,672,98,0,0,770,0.0,25124.32,4111.965,0.0,0.0,0,100800,14700,0,0,115500,29236.285
BR0224,36919,0,36919,0,0,0,0,420,0,0,0,420,0.0,23997.35,0.0,0.0,0.0,0,63000,0,0,0,63000,23997.35
BR0225,76037,0,76037,0,0,0,0,865,0,0,0,865,0.0,47903.31,0.0,0.0,0.0,0,129750,0,0,0,129750,47903.31
BR0226,21489,0,7303,14186,0,0,0,102,198,0,0,300,0.0,3797.56,8298.81,0.0,0.0,0,15300,29700,0,0,45000,12096.37
BR0227,65067,0,65067,0,0,0,0,904,0,0,0,904,0.0,40992.21,0.0,0.0,0.0,0,135600,0,0,0,135600,40992.21
BR0228,35941,0,5834,30107,0,0,0,82,419,0,0,501,0.0,3033.6800000000003,17612.594999999998,0.0,0.0,0,12300,62850,0,0,75150,20646.275
BR0229,163735,0,143834,19901,0,0,0,2248,311,0,0,2559,0.0,74793.68000000001,14229.215,0.0,0.0,0,337200,46650,0,0,383850,89022.895
BR0230,2226,0,511,1715,0,0,0,6,18,0,0,24,0.0,365.365,1226.225,0.0,0.0,0,900,2700,0,0,3600,1591.59
BR0231,1903,0,0,1903,0,0,0,0,24,0,0,24,0.0,0.0,1360.645,0.0,0.0,0,0,3600,0,0,3600,1360.645
BR0232,11594,0,0,11594,0,0,0,0,242,0,0,242,0.0,0.0,5681.06,0.0,0.0,0,0,36300,0,0,36300,5681.06
BR0233,443344,0,0,443344,0,0,0,0,9237,0,0,9237,0.0,0.0,230538.88,0.0,0.0,0,0,1385550,0,0,1385550,230538.88
BR0234,62226,0,62226,0,0,0,0,865,0,0,0,865,0.0,32357.52,0.0,0.0,0.0,0,129750,0,0,0,129750,32357.52
BR0235,11326,11326,0,0,0,0,236,0,0,0,0,236,7475.160000000001,0.0,0.0,0.0,0.0,35400,0,0,0,0,35400,7475.160000000001
BR0236,86330,86330,0,0,0,0,1799,0,0,0,0,1799,46618.2,0.0,0.0,0.0,0.0,269850,0,0,0,0,269850,46618.2
BR0237,16763,0,0,16763,0,0,0,0,300,0,0,300,0.0,0.0,12907.51,0.0,0.0,0,0,45000,0,0,45000,12907.51
BR0238,38285,0,0,38285,0,0,0,0,798,0,0,798,0.0,0.0,26799.5,0.0,0.0,0,0,119700,0,0,119700,26799.5
BR0239,1535191,0,1165678,369513,0,0,0,24285,7699,0,0,31984,0.0,571182.22,206927.28000000003,0.0,0.0,0,3642750,1154850,0,0,4797600,778109.5
BR0240,146138,0,110963,35175,0,0,0,2312,733,0,0,3045,0.0,54371.87,19698.000000000004,0.0,0.0,0,346800,109950,0,0,456750,74069.87000000001
BR0241,21329,0,21329,0,0,0,0,445,0,0,0,445,0.0,14930.3,0.0,0.0,0.0,0,66750,0,0,0,66750,14930.3
BR0242,102787,0,102787,0,0,0,0,2142,0,0,0,2142,0.0,57560.72000000001,0.0,0.0,0.0,0,321300,0,0,0,321300,57560.72000000001
BR0243,881020,0,0,881020,0,0,0,0,18355,0,0,18355,0.0,0.0,431699.8,0.0,0.0,0,0,2753250,0,0,2753250,431699.8
BR0244,547895,0,0,547895,0,0,0,0,11415,0,0,11415,0.0,0.0,268468.55,0.0,0.0,0,0,1712250,0,0,1712250,268468.55
BR0245,20724,20724,0,0,0,0,371,0,0,0,0,371,12434.4,0.0,0.0,0.0,0.0,55650,0,0,0,0,55650,12434.4
BR0246,153351,153351,0,0,0,0,2739,0,0,0,0,2739,73608.48,0.0,0.0,0.0,0.0,410850,0,0,0,0,410850,73608.48
BR0247,660788,0,660788,0,0,0,0,16520,0,0,0,16520,0.0,323786.12,0.0,0.0,0.0,0,2478000,0,0,0,2478000,323786.12
BR0248,576148,576148,0,0,0,0,14404,0,0,0,0,14404,241982.16,0.0,0.0,0.0,0.0,2160600,0,0,0,0,2160600,241982.16
BR0249,282539,0,282539,0,0,0,0,5887,0,0,0,5887,0.0,138444.11,0.0,0.0,0.0,0,883050,0,0,0,883050,138444.11
BR0250,13200,0,13200,0,0,0,0,275,0,0,0,275,0.0,6468.0,0.0,0.0,0.0,0,41250,0,0,0,41250,6468.0
BR0251,120133,0,120133,0,0,0,0,3004,0,0,0,3004,0.0,58865.17,0.0,0.0,0.0,0,450600,0,0,0,450600,58865.17
BR0252,1170624,0,1170624,0,0,0,0,29266,0,0,0,29266,0.0,573605.76,0.0,0.0,0.0,0,4389900,0,0,0,4389900,573605.76
BR0253,1913149,1913149,0,0,0,0,47829,0,0,0,0,47829,803522.58,0.0,0.0,0.0,0.0,7174350,0,0,0,0,7174350,803522.58
BR0253,2048184,2048184,0,0,0,0,51205,0,0,0,0,51205,860237.2799999999,0.0,0.0,0.0,0.0,7680750,0,0,0,0,7680750,860237.2799999999
BR0254,39317,39317,0,0,0,0,983,0,0,0,0,983,16513.14,0.0,0.0,0.0,0.0,147450,0,0,0,0,147450,16513.14
BR0255,707459,0,0,0,0,707459,0,0,0,0,22109,22109,0.0,0.0,0.0,0.0,346654.91,0,0,0,0,3316350,3316350,346654.91
BR0256,408317,0,0,0,0,408317,0,0,0,0,12760,12760,0.0,0.0,0.0,0.0,228657.52,0,0,0,0,1914000,1914000,228657.52
BR0257,115702,0,62721,52981,0,0,0,1307,1104,0,0,2411,0.0,30733.29,33378.03,0.0,0.0,0,196050,165600,0,0,361650,64111.32
BR0258,128636,0,128636,0,0,0,0,2680,0,0,0,2680,0.0,63031.64,0.0,0.0,0.0,0,402000,0,0,0,402000,63031.64
BR0259,38639,0,38639,0,0,0,0,690,0,0,0,690,0.0,27047.3,0.0,0.0,0.0,0,103500,0,0,0,103500,27047.3
BR0260,16557,0,0,0,16557,0,0,0,0,259,0,259,0.0,0.0,0.0,7533.435,0.0,0,0,0,38850,0,38850,7533.435
BR0261,28626,0,24918,3708,0,0,0,390,58,0,0,448,0.0,11337.69,1928.16,0.0,0.0,0,58500,8700,0,0,67200,13265.85
BR0262,9883,0,9883,0,0,0,0,155,0,0,0,155,0.0,4496.765,0.0,0.0,0.0,0,23250,0,0,0,23250,4496.765
BR0263,47162,47162,0,0,0,0,737,0,0,0,0,737,33013.4,0.0,0.0,0.0,0.0,110550,0,0,0,0,110550,33013.4
BR0264,163709,96397,0,0,67312,0,1507,0,0,1052,0,2559,53982.32000000001,0.0,0.0,37694.72,0.0,226050,0,0,157800,0,383850,91677.04
BR0265,68585,0,0,68585,0,0,0,0,953,0,0,953,0.0,0.0,43208.55,0.0,0.0,0,0,142950,0,0,142950,43208.55
BR0266,32727,0,32727,0,0,0,0,682,0,0,0,682,0.0,17018.04,0.0,0.0,0.0,0,102300,0,0,0,102300,17018.04
BR0267,161176,0,0,161176,0,0,0,0,4030,0,0,4030,0.0,0.0,90258.56,0.0,0.0,0,0,604500,0,0,604500,90258.56
BR0268,327106,167630,0,0,159476,0,2329,0,0,2215,0,4544,82138.7,0.0,0.0,89306.56000000001,0.0,349350,0,0,332250,0,681600,171445.26
BR0269,91498,47704,0,0,43794,0,663,0,0,609,0,1272,30053.52,0.0,0.0,30655.8,0.0,99450,0,0,91350,0,190800,60709.32
BR0270,50204,0,32403,17801,0,0,0,507,279,0,0,786,0.0,22682.1,13706.77,0.0,0.0,0,76050,41850,0,0,117900,36388.87
BR0271,51599,0,27922,23677,0,0,0,437,370,0,0,807,0.0,15636.320000000002,11601.73,0.0,0.0,0,65550,55500,0,0,121050,27238.050000000003
BR0272,39097,0,0,39097,0,0,0,0,699,0,0,699,0.0,0.0,27367.9,0.0,0.0,0,0,104850,0,0,104850,27367.9
BR0273,26831,0,20493,6338,0,0,0,321,100,0,0,421,0.0,12910.59,4436.599999999999,0.0,0.0,0,48150,15000,0,0,63150,17347.19
BR0274,19222,0,14930,4292,0,0,0,312,90,0,0,402,0.0,11496.1,2703.96,0.0,0.0,0,46800,13500,0,0,60300,14200.06
BR0275,61369,0,61369,0,0,0,0,768,0,0,0,768,0.0,38662.47,0.0,0.0,0.0,0,115200,0,0,0,115200,38662.47
BR0276,66448,0,66448,0,0,0,0,831,0,0,0,831,0.0,32559.52,0.0,0.0,0.0,0,124650,0,0,0,124650,32559.52
BR0277,79676,0,0,79676,0,0,0,0,1660,0,0,1660,0.0,0.0,39041.24,0.0,0.0,0,0,249000,0,0,249000,39041.24
BR0278,68416,0,0,68416,0,0,0,0,1426,0,0,1426,0.0,0.0,33523.84,0.0,0.0,0,0,213900,0,0,213900,33523.84
BR0279,90724,0,0,90724,0,0,0,0,1891,0,0,1891,0.0,0.0,57156.12,0.0,0.0,0,0,283650,0,0,283650,57156.12
BR0280,87449,0,0,87449,0,0,0,0,1822,0,0,1822,0.0,0.0,42850.01,0.0,0.0,0,0,273300,0,0,273300,42850.01
BR0281,19900,19900,0,0,0,0,356,0,0,0,0,356,13134.0,0.0,0.0,0.0,0.0,53400,0,0,0,0,53400,13134.0
BR0282,19984,3121,7105,4650,2342,2766,66,149,97,49,58,419,2231.515,5080.075,3324.75,1674.53,1977.69,9900,22350,14550,7350,8700,62850,14288.56
BR0283,25144,0,25144,0,0,0,0,449,0,0,0,449,0.0,17600.8,0.0,0.0,0.0,0,67350,0,0,0,67350,17600.8
BR0284,57430,57430,0,0,0,0,898,0,0,0,0,898,36180.9,0.0,0.0,0.0,0.0,134700,0,0,0,0,134700,36180.9
BR0285,8419,1315,2993,1959,987,1165,17,38,25,13,15,108,1012.55,2304.61,1234.17,759.99,897.0500000000001,2550,5700,3750,1950,2250,16200,6208.37
BR0286,2671,417,950,621,313,370,6,14,9,5,6,40,321.09000000000003,731.5,478.17,241.01,284.90000000000003,900,2100,1350,750,900,6000,2056.67
BR0287,110857,0,0,110857,0,0,0,0,2310,0,0,2310,0.0,0.0,54319.93,0.0,0.0,0,0,346500,0,0,346500,54319.93
BR0288,127450,19903,45313,29657,14937,17640,311,709,464,234,276,1994,14230.645,29453.45,19277.05,10679.955,12612.6,46650,106350,69600,35100,41400,299100,86253.70000000001
BR0289,46462,0,0,0,0,46462,0,0,0,0,726,726,0.0,0.0,0.0,0.0,32523.4,0,0,0,0,108900,108900,32523.4
BR0290,34241,0,34241,0,0,0,0,714,0,0,0,714,0.0,20030.985,0.0,0.0,0.0,0,107100,0,0,0,107100,20030.985
BR0291,53472,0,0,0,0,53472,0,0,0,0,743,743,0.0,0.0,0.0,0.0,31281.12,0,0,0,0,111450,111450,31281.12
BR0292,61797,0,61797,0,0,0,0,1288,0,0,0,1288,0.0,36151.245,0.0,0.0,0.0,0,193200,0,0,0,193200,36151.245
BR0293,65498,0,0,0,0,65498,0,0,0,0,1170,1170,0.0,0.0,0.0,0.0,41263.74,0,0,0,0,175500,175500,41263.74
BR0294,8197,0,0,0,0,8197,0,0,0,0,114,114,0.0,0.0,0.0,0.0,5860.855,0,0,0,0,17100,17100,5860.855
BR0295,27938,0,27938,0,0,0,0,499,0,0,0,499,0.0,14527.76,0.0,0.0,0.0,0,74850,0,0,0,74850,14527.76
BR0296,42128,0,0,0,0,42128,0,0,0,0,753,753,0.0,0.0,0.0,0.0,21906.56,0,0,0,0,112950,112950,21906.56
BR0297,112903,0,0,0,0,112903,0,0,0,0,1283,1283,0.0,0.0,0.0,0.0,63225.68000000001,0,0,0,0,192450,192450,63225.68000000001
BR0298,28852,0,0,0,0,28852,0,0,0,0,328,328,0.0,0.0,0.0,0.0,20196.4,0,0,0,0,49200,49200,20196.4
BR0299,10947,0,0,0,0,10947,0,0,0,0,196,196,0.0,0.0,0.0,0.0,8429.19,0,0,0,0,29400,29400,8429.19
BR0300,537174,0,166453,370721,0,0,0,2601,5793,0,0,8394,0.0,93213.68,207603.76,0.0,0.0,0,390150,868950,0,0,1259100,300817.44
BR0301,84080,0,0,0,84080,0,0,0,0,1752,0,1752,0.0,0.0,0.0,52970.4,0.0,0,0,0,262800,0,262800,52970.4
BR0302,743209,662841,80368,0,0,0,10357,1256,0,0,0,11613,324792.09,50631.84,0.0,0.0,0.0,1553550,188400,0,0,0,1741950,375423.93
BR0303,9612,9612,0,0,0,0,101,0,0,0,0,101,5767.2,0.0,0.0,0.0,0.0,15150,0,0,0,0,15150,5767.2
BR0304,151589,23672,53895,35274,17766,20982,296,674,441,223,263,1897,15386.8,31528.575,20635.29,11547.9,13638.3,44400,101100,66150,33450,39450,284550,92736.865
BR0305,28870,0,0,28870,0,0,0,0,602,0,0,602,0.0,0.0,20209.0,0.0,0.0,0,0,90300,0,0,90300,20209.0
BR0306,890712,890712,0,0,0,0,18557,0,0,0,0,18557,436448.88,0.0,0.0,0.0,0.0,2783550,0,0,0,0,2783550,436448.88
BR0307,36192,36192,0,0,0,0,754,0,0,0,0,754,25334.4,0.0,0.0,0.0,0.0,113100,0,0,0,0,113100,25334.4
BR0308,32017,32017,0,0,0,0,501,0,0,0,0,501,22411.9,0.0,0.0,0.0,0.0,75150,0,0,0,0,75150,22411.9
BR0309,77493,0,0,77493,0,0,0,0,969,0,0,969,0.0,0.0,48820.59,0.0,0.0,0,0,145350,0,0,145350,48820.59
BR0310,84202,13149,29937,19594,9868,11654,274,624,409,206,243,1756,9401.535,15567.24,10188.88,7055.62,8332.609999999999,41100,93600,61350,30900,36450,263400,50545.885
BR0310,93171,14550,33125,21680,10920,12896,304,691,452,228,269,1944,10403.25,21531.25,14092.0,7807.799999999999,9220.64,45600,103650,67800,34200,40350,291600,63054.94
BR0311,56338,8798,20030,13109,6603,7798,138,313,205,104,122,882,5718.7,11717.55,8520.85,4291.95,5068.7,20700,46950,30750,15600,18300,132300,35317.75
BR0312,56648,8846,20140,13182,6639,7841,139,315,206,104,123,887,5749.900000000001,11781.9,8568.300000000001,4315.35,5096.650000000001,20850,47250,30900,15600,18450,133050,35512.1
BR0313,99361,15516,35326,23121,11645,13753,243,552,362,182,215,1554,10085.4,20665.71,15028.65,7569.25,8939.45,36450,82800,54300,27300,32250,233100,62288.46000000001
BR0314,449345,0,0,11770,0,437575,0,0,164,0,6078,6242,0.0,0.0,9062.9,0.0,245042.00000000003,0,0,24600,0,911700,936300,254104.9
BR0314,438153,0,0,11477,0,426676,0,0,160,0,5927,6087,0.0,0.0,8837.29,0.0,238938.56000000003,0,0,24000,0,889050,913050,247775.85000000003
BR0315,76559,0,0,76559,0,0,0,0,957,0,0,957,0.0,0.0,48232.17,0.0,0.0,0,0,143550,0,0,143550,48232.17
BR0316,57896,41815,0,0,16081,0,523,0,0,202,0,725,26343.45,0.0,0.0,12382.37,0.0,78450,0,0,30300,0,108750,38725.82
BR0317,58373,51399,0,0,0,6974,643,0,0,0,88,731,32381.37,0.0,0.0,0.0,5369.9800000000005,96450,0,0,0,13200,109650,37751.35
BR0318,23876,3728,8489,5556,2798,3305,59,133,87,44,52,375,2870.56,6536.53,4278.12,2154.46,2544.85,8850,19950,13050,6600,7800,56250,18384.52
BR0319,24396,19886,0,0,0,4510,249,0,0,0,57,306,15312.22,0.0,0.0,0.0,3472.7000000000003,37350,0,0,0,8550,45900,18784.92
BR0320,10948,0,10948,0,0,0,0,172,0,0,0,172,0.0,8429.960000000001,0.0,0.0,0.0,0,25800,0,0,0,25800,8429.960000000001
BR0321,279675,0,0,0,279675,0,0,0,0,4995,0,4995,0.0,0.0,0.0,156618.00000000003,0.0,0,0,0,749250,0,749250,156618.00000000003
BR0322,466351,0,0,466351,0,0,0,0,8328,0,0,8328,0.0,0.0,228511.99,0.0,0.0,0,0,1249200,0,0,1249200,228511.99
BR0323,12817,0,0,12817,0,0,0,0,229,0,0,229,0.0,0.0,9164.155,0.0,0.0,0,0,34350,0,0,34350,9164.155
BR0324,142401,0,83217,0,0,59184,0,1156,0,0,822,1978,0.0,46601.52,0.0,0.0,37285.92,0,173400,0,0,123300,296700,83887.44
BR0325,51347,0,0,51347,0,0,0,0,1070,0,0,1070,0.0,0.0,26700.44,0.0,0.0,0,0,160500,0,0,160500,26700.44
BR0326,65147,0,65147,0,0,0,0,1358,0,0,0,1358,0.0,41042.61,0.0,0.0,0.0,0,203700,0,0,0,203700,41042.61
BR0327,58364,0,58364,0,0,0,0,1216,0,0,0,1216,0.0,36769.32,0.0,0.0,0.0,0,182400,0,0,0,182400,36769.32
BR0328,36180,0,36180,0,0,0,0,566,0,0,0,566,0.0,22793.4,0.0,0.0,0.0,0,84900,0,0,0,84900,22793.4
BR0329,33395,0,33395,0,0,0,0,597,0,0,0,597,0.0,18701.2,0.0,0.0,0.0,0,89550,0,0,0,89550,18701.2
BR0330,36080,0,36080,0,0,0,0,564,0,0,0,564,0.0,22730.4,0.0,0.0,0.0,0,84600,0,0,0,84600,22730.4
BR0331,28544,0,28544,0,0,0,0,510,0,0,0,510,0.0,15984.64,0.0,0.0,0.0,0,76500,0,0,0,76500,15984.64
BR0332,739501,0,518338,221163,0,0,0,10799,4608,0,0,15407,0.0,235843.79,115004.76,0.0,0.0,0,1619850,691200,0,0,2311050,350848.55000000005
BR0332,729264,0,511163,218101,0,0,0,10650,4544,0,0,15194,0.0,232579.165,113412.52,0.0,0.0,0,1597500,681600,0,0,2279100,345991.685
BR0333,58078,0,46286,11792,0,0,0,724,185,0,0,909,0.0,32400.2,9079.84,0.0,0.0,0,108600,27750,0,0,136350,41480.03999999999
BR0334,794245,0,498454,162211,0,133580,0,8901,2897,0,2386,14184,0.0,226796.57,73806.005,0.0,60778.9,0,1335150,434550,0,357900,2127600,361381.475
BR0334,636908,0,399712,130078,0,107118,0,7138,2323,0,1913,11374,0.0,181868.96,59185.490000000005,0.0,48738.69,0,1070700,348450,0,286950,1706100,289793.14
BR0335,31652,0,24433,7219,0,0,0,437,129,0,0,566,0.0,11117.015,3284.645,0.0,0.0,0,65550,19350,0,0,84900,14401.660000000002
BR0336,30101,0,26422,3679,0,0,0,413,58,0,0,471,0.0,18495.4,2832.83,0.0,0.0,0,61950,8700,0,0,70650,21328.23
BR0337,20630,0,0,20630,0,0,0,0,323,0,0,323,0.0,0.0,14440.999999999998,0.0,0.0,0,0,48450,0,0,48450,14440.999999999998
BR0338,36958,0,1072,35886,0,0,0,15,499,0,0,514,0.0,825.44,25120.2,0.0,0.0,0,2250,74850,0,0,77100,25945.64
BR0339,661836,0,407639,254197,0,0,0,8493,5296,0,0,13789,0.0,228277.84000000003,142350.32,0.0,0.0,0,1273950,794400,0,0,2068350,370628.16
BR0340,1728407,0,1006991,333326,0,388090,0,17982,5953,0,6931,30866,0.0,458180.905,173329.52000000002,0.0,176580.95,0,2697300,892950,0,1039650,4629900,808091.375
BR0340,1587481,0,924886,306148,0,356447,0,16516,5467,0,6366,28349,0.0,420823.13,139297.34,0.0,162183.385,0,2477400,820050,0,954900,4252350,722303.855
BR0341,522056,0,0,415053,0,107003,0,0,6486,0,1672,8158,0.0,0.0,203375.97,0.0,59921.68000000001,0,0,972900,0,250800,1223700,263297.65
BR0341,514138,0,0,408758,0,105380,0,0,6387,0,1647,8034,0.0,0.0,200291.42,0.0,59012.8,0,0,958050,0,247050,1205100,259304.22
BR0342,40711,0,40711,0,0,0,0,727,0,0,0,727,0.0,18523.505,0.0,0.0,0.0,0,109050,0,0,0,109050,18523.505
BR0343,286173,0,91907,194266,0,0,0,2298,4857,0,0,7155,0.0,53765.595,101018.32,0.0,0.0,0,344700,728550,0,0,1073250,154783.915
BR0344,312633,0,92689,219944,0,0,0,1932,4583,0,0,6515,0.0,48198.28,114370.88,0.0,0.0,0,289800,687450,0,0,977250,162569.16
BR0345,525685,0,94198,431487,0,0,0,2355,10788,0,0,13143,0.0,55105.83,224373.24,0.0,0.0,0,353250,1618200,0,0,1971450,279479.07
BR0346,400618,0,134550,266068,0,0,0,2403,4752,0,0,7155,0.0,75348.0,148998.08000000002,0.0,0.0,0,360450,712800,0,0,1073250,224346.08
BR0347,381716,0,0,0,0,381716,0,0,0,0,6817,6817,0.0,0.0,0.0,0.0,213760.96,0,0,0,0,1022550,1022550,213760.96
BR0348,142662,0,64906,77756,0,0,0,1623,1944,0,0,3567,0.0,40890.78,48986.28,0.0,0.0,0,243450,291600,0,0,535050,89877.06
BR0349,92361,0,0,92361,0,0,0,0,1650,0,0,1650,0.0,0.0,54031.185,0.0,0.0,0,0,247500,0,0,247500,54031.185
BR0350,3786,3786,0,0,0,0,60,0,0,0,0,60,2044.44,0.0,0.0,0.0,0.0,9000,0,0,0,0,9000,2044.44
BR0351,71579,71579,0,0,0,0,1119,0,0,0,0,1119,38652.66,0.0,0.0,0.0,0.0,167850,0,0,0,0,167850,38652.66
BR0352,30713,0,18980,11733,0,0,0,396,245,0,0,641,0.0,9869.6,6101.16,0.0,0.0,0,59400,36750,0,0,96150,15970.76
BR0353,21335,21335,0,0,0,0,381,0,0,0,0,381,11520.9,0.0,0.0,0.0,0.0,57150,0,0,0,0,57150,11520.9
BR0354,50094,0,0,50094,0,0,0,0,1044,0,0,1044,0.0,0.0,29304.99,0.0,0.0,0,0,156600,0,0,156600,29304.99
BR0355,23972,0,23972,0,0,0,0,375,0,0,0,375,0.0,12465.44,0.0,0.0,0.0,0,56250,0,0,0,56250,12465.44
BR0356,37946,0,0,37946,0,0,0,0,791,0,0,791,0.0,0.0,19731.92,0.0,0.0,0,0,118650,0,0,118650,19731.92
BR0357,23014,0,15160,7854,0,0,0,271,141,0,0,412,0.0,11673.2,5497.799999999999,0.0,0.0,0,40650,21150,0,0,61800,17171.0
BR0358,8728,0,8728,0,0,0,0,156,0,0,0,156,0.0,5673.2,0.0,0.0,0.0,0,23400,0,0,0,23400,5673.2
BR0359,19687,19687,0,0,0,0,352,0,0,0,0,352,10630.98,0.0,0.0,0.0,0.0,52800,0,0,0,0,52800,10630.98
BR0360,100212,0,0,100212,0,0,0,0,1566,0,0,1566,0.0,0.0,49103.88,0.0,0.0,0,0,234900,0,0,234900,49103.88
BR0361,114948,0,110251,4697,0,0,0,1379,59,0,0,1438,0.0,54022.99,3616.69,0.0,0.0,0,206850,8850,0,0,215700,57639.68
BR0362,22649,0,0,22649,0,0,0,0,472,0,0,472,0.0,0.0,10305.295,0.0,0.0,0,0,70800,0,0,70800,10305.295
BR0363,93363,0,0,0,0,93363,0,0,0,0,1946,1946,0.0,0.0,0.0,0.0,58818.69,0,0,0,0,291900,291900,58818.69
BR0364,80636,0,80636,0,0,0,0,1440,0,0,0,1440,0.0,47172.06,0.0,0.0,0.0,0,216000,0,0,0,216000,47172.06
BR0365,107201,0,107201,0,0,0,0,1489,0,0,0,1489,0.0,52528.49,0.0,0.0,0.0,0,223350,0,0,0,223350,52528.49
BR0366,14653,0,0,14653,0,0,0,0,229,0,0,229,0.0,0.0,10476.895,0.0,0.0,0,0,34350,0,0,34350,10476.895
BR0367,51022,0,0,0,0,51022,0,0,0,0,798,798,0.0,0.0,0.0,0.0,32143.86,0,0,0,0,119700,119700,32143.86
BR0368,100784,0,0,0,0,100784,0,0,0,0,1400,1400,0.0,0.0,0.0,0.0,56439.04000000001,0,0,0,0,210000,210000,56439.04000000001
BR0369,44106,0,0,44106,0,0,0,0,919,0,0,919,0.0,0.0,20068.23,0.0,0.0,0,0,137850,0,0,137850,20068.23
BR0370,101561,0,0,0,0,101561,0,0,0,0,1814,1814,0.0,0.0,0.0,0.0,52811.72,0,0,0,0,272100,272100,52811.72
BR0371,141590,0,0,0,0,141590,0,0,0,0,2529,2529,0.0,0.0,0.0,0.0,73626.8,0,0,0,0,379350,379350,73626.8
BR0372,181556,0,181556,0,0,0,0,3783,0,0,0,3783,0.0,94409.12,0.0,0.0,0.0,0,567450,0,0,0,567450,94409.12
BR0373,49137,0,49137,0,0,0,0,1024,0,0,0,1024,0.0,28745.145,0.0,0.0,0.0,0,153600,0,0,0,153600,28745.145
BR0374,15996,0,0,0,0,15996,0,0,0,0,286,286,0.0,0.0,0.0,0.0,11437.14,0,0,0,0,42900,42900,11437.14
BR0375,240998,0,0,0,0,240998,0,0,0,0,5021,5021,0.0,0.0,0.0,0.0,134958.88,0,0,0,0,753150,753150,134958.88
BR0376,71871,0,0,0,0,71871,0,0,0,0,1498,1498,0.0,0.0,0.0,0.0,37372.92,0,0,0,0,224700,224700,37372.92
BR0377,31227,0,0,0,0,31227,0,0,0,0,651,651,0.0,0.0,0.0,0.0,16238.04,0,0,0,0,97650,97650,16238.04
BR0378,8811,0,8114,697,0,0,0,170,15,0,0,185,0.0,4219.28,498.355,0.0,0.0,0,25500,2250,0,0,27750,4717.634999999999
BR0379,67894,0,50646,0,17248,0,0,1056,0,360,0,1416,0.0,26335.92,0.0,7847.84,0.0,0,158400,0,54000,0,212400,34183.76
BR0380,122770,53989,43273,16762,8746,0,965,773,300,157,0,2195,29154.06,25963.8,11062.92,5772.360000000001,0.0,144750,115950,45000,23550,0,329250,71953.14
BR0381,30911,0,6954,23957,0,0,0,125,428,0,0,553,0.0,4520.1,15572.05,0.0,0.0,0,18750,64200,0,0,82950,20092.15
BR0382,71190,0,40982,0,30208,0,0,732,0,540,0,1272,0.0,26638.3,0.0,19635.2,0.0,0,109800,0,81000,0,190800,46273.5
BR0383,16437,13508,0,0,2929,0,242,0,0,53,0,295,8780.2,0.0,0.0,1903.85,0.0,36300,0,0,7950,0,44250,10684.05
BR0384,20471,7628,0,0,12843,0,120,0,0,201,0,321,5454.02,0.0,0.0,7513.155,0.0,18000,0,0,30150,0,48150,12967.175
BR0385,222,35,79,51,26,31,1,2,1,1,1,6,25.025,56.485,36.465,15.21,22.165,150,300,150,150,150,900,155.35
BR0386,223,35,79,52,26,31,1,2,1,1,1,6,26.95,49.77,25.48,20.02,23.87,150,300,150,150,150,900,146.09
BR0387,5144,0,0,5144,0,0,0,0,81,0,0,81,0.0,0.0,2520.56,0.0,0.0,0,0,12150,0,0,12150,2520.56
BR0388,62840,0,49527,13313,0,0,0,885,238,0,0,1123,0.0,27735.120000000003,10251.01,0.0,0.0,0,132750,35700,0,0,168450,37986.130000000005
BR0389,2295,0,2295,0,0,0,0,41,0,0,0,41,0.0,1640.925,0.0,0.0,0.0,0,6150,0,0,0,6150,1640.925
BR0390,3517,0,3517,0,0,0,0,74,0,0,0,74,0.0,1828.84,0.0,0.0,0.0,0,11100,0,0,0,11100,1828.84
BR0391,1491119,0,1151498,339621,0,0,0,17993,5307,0,0,23300,0.0,523931.59,176602.92,0.0,0.0,0,2698950,796050,0,0,3495000,700534.51
BR0392,37740,0,33494,4246,0,0,0,466,59,0,0,525,0.0,21771.1,3035.89,0.0,0.0,0,69900,8850,0,0,78750,24806.99
BR0393,19231,0,0,19231,0,0,0,0,301,0,0,301,0.0,0.0,10000.12,0.0,0.0,0,0,45150,0,0,45150,10000.12
BR0394,27637,0,0,27637,0,0,0,0,432,0,0,432,0.0,0.0,19345.9,0.0,0.0,0,0,64800,0,0,64800,19345.9
BR0395,225289,0,225289,0,0,0,0,3130,0,0,0,3130,0.0,126161.84,0.0,0.0,0.0,0,469500,0,0,0,469500,126161.84
BR0396,535950,0,535950,0,0,0,0,8375,0,0,0,8375,0.0,262615.5,0.0,0.0,0.0,0,1256250,0,0,0,1256250,262615.5
BR0397,484351,0,484351,0,0,0,0,7568,0,0,0,7568,0.0,251862.52,0.0,0.0,0.0,0,1135200,0,0,0,1135200,251862.52
BR0398,71218,0,71218,0,0,0,0,1113,0,0,0,1113,0.0,39882.08,0.0,0.0,0.0,0,166950,0,0,0,166950,39882.08
BR0399,26149,0,0,26149,0,0,0,0,654,0,0,654,0.0,0.0,18304.3,0.0,0.0,0,0,98100,0,0,98100,18304.3
BR0400,17214,0,0,0,0,17214,0,0,0,0,431,431,0.0,0.0,0.0,0.0,13254.78,0,0,0,0,64650,64650,13254.78
BR0401,21160,0,8112,0,0,13048,0,127,0,0,204,331,0.0,4745.52,0.0,0.0,9329.32,0,19050,0,0,30600,49650,14074.84
BR0402,16214,0,0,0,0,16214,0,0,0,0,226,226,0.0,0.0,0.0,0.0,12484.78,0,0,0,0,33900,33900,12484.78
BR0403,214,33,76,50,25,30,1,2,2,1,1,7,25.41,58.52,38.5,19.25,23.1,150,300,300,150,150,1050,164.78
BR0404,215,34,76,50,25,30,1,2,1,1,1,6,26.18,58.52,38.5,19.25,23.1,150,300,150,150,150,900,165.54999999999998
BR0405,216,34,77,50,25,30,1,2,1,1,1,6,16.66,37.73,38.5,14.000000000000002,23.1,150,300,150,150,150,900,129.99
BR0406,217,34,77,51,25,30,1,2,2,1,1,7,26.18,37.73,35.7,15.75,23.1,150,300,300,150,150,1050,138.45999999999998
BR0407,1944,0,0,1944,0,0,0,0,41,0,0,41,0.0,0.0,1224.72,0.0,0.0,0,0,6150,0,0,6150,1224.72
BR0408,219,34,78,51,26,30,1,2,2,1,1,7,26.18,38.22,35.7,16.38,23.1,150,300,300,150,150,1050,139.57999999999998
BR0409,220,34,78,51,26,31,1,2,1,1,1,6,26.18,60.06,39.27,20.02,23.87,150,300,150,150,150,900,169.40000000000003
BR0410,4903,0,0,4903,0,0,0,0,103,0,0,103,0.0,0.0,3775.31,0.0,0.0,0,0,15450,0,0,15450,3775.31
BR0411,3001,0,0,3001,0,0,0,0,47,0,0,47,0.0,0.0,1680.5600000000002,0.0,0.0,0,0,7050,0,0,7050,1680.5600000000002
BR0412,2347,367,807,587,293,293,7,15,11,6,6,45,282.59000000000003,508.41,287.63,225.61,225.61,1050,2250,1650,900,900,6750,1529.8500000000004
BR0413,2014,0,0,0,0,2014,0,0,0,0,36,36,0.0,0.0,0.0,0.0,1127.84,0,0,0,0,5400,5400,1127.84
BR0414,225,35,80,52,27,31,1,2,1,1,1,6,17.15,39.2,40.04,15.12,23.87,150,300,150,150,150,900,135.38
BR0415,226,35,80,53,27,31,1,2,2,1,1,7,26.95,39.2,29.680000000000003,20.79,23.87,150,300,300,150,150,1050,140.49
BR0416,214,33,76,50,25,30,1,2,1,1,1,6,16.169999999999998,37.24,38.5,14.000000000000002,23.1,150,300,150,150,150,900,129.01
BR0417,2761,0,0,2761,0,0,0,0,50,0,0,50,0.0,0.0,2125.9700000000003,0.0,0.0,0,0,7500,0,0,7500,2125.9700000000003
BR0418,3942,0,0,3942,0,0,0,0,71,0,0,71,0.0,0.0,3035.34,0.0,0.0,0,0,10650,0,0,10650,3035.34
BR0419,43300,0,0,0,43300,0,0,0,0,602,0,602,0.0,0.0,0.0,28145.0,0.0,0,0,0,90300,0,90300,28145.0
BR0420,205852,0,24227,0,181625,0,0,379,0,2838,0,3217,0.0,12598.04,0.0,82639.375,0.0,0,56850,0,425700,0,482550,95237.415
BR0421,145803,0,0,0,145803,0,0,0,0,2604,0,2604,0.0,0.0,0.0,66340.365,0.0,0,0,0,390600,0,390600,66340.365
