caja_tipo_id,volumen_tipo_planta_buenos_aires,volumen_tipo_planta_curitiba,volumen_tipo_planta_santiago,volumen_tipo_planta_monterrey,volumen_tipo_planta_bakersfield,costo_unitario_base,costo_total_base,costo_unitario_planta_buenos_aires,costo_unitario_planta_curitiba,costo_unitario_planta_santiago,costo_unitario_planta_monterrey,costo_unitario_planta_bakersfield,descuento_planta_buenos_aires,descuento_planta_curitiba,descuento_planta_santiago,descuento_planta_monterrey,descuento_planta_bakersfield,costo_por_pallet,descuento_planta_buenos_aires_original,descuento_planta_curitiba_original,descuento_planta_santiago_original,descuento_planta_monterrey_original,descuento_planta_bakersfield_original
016d196c89dcfcb306b853a776a879b9,0,334398,39939,0,0,0.7,262035.9,0.77,0.5599999999999999,0.7,0.77,0.77,0.1,-0.2,0.0,0.1,0.1,150,+10%,-20%,+10%,+10%,+10%
01a2a319402ed2155292c04d8748e16f,417,950,621,313,370,0.7,1869.6999999999998,0.77,0.77,0.77,0.77,0.77,0.1,0.1,0.1,0.1,0.1,150,+10%,"+10,00%",+10%,+10%,+10%
026560e43f3fc6afe0ce89d7ddf61626,0,0,35599,0,0,0.65,23139.350000000002,0.7150000000000001,0.7150000000000001,0.65,0.7150000000000001,0.7150000000000001,0.1,0.1,0.0,0.1,0.1,150,+10%,+10%,+0%,+10%,+10%
02d7c6680102bd11e067c00c9b71ab9c,0,58364,0,0,0,0.7,40854.799999999996,0.77,0.63,0.77,0.77,0.77,0.1,-0.1,0.1,0.1,0.1,150,+10%,-10%,+10 %,+10%,+10%
0378f85c226113f4ac40fd360217bb8a,0,360373,0,97776,517960,0.65,634470.85,0.7150000000000001,0.52,0.7150000000000001,0.5850000000000001,0.45499999999999996,0.1,-0.2,0.1,-0.1,-0.3,150,+10,20%,+10%,-10%,-30%
04dce8fd28129cc6fd826678996329a4,61923,0,0,0,0,0.7,43346.1,0.63,0.77,0.77,0.77,0.77,-0.1,0.1,0.1,0.1,0.1,150,-10%,+10%,+10%,+10%,+10%
057b7f8c3772129fb0b8cccf3c827c80,15062,132568,22446,11304,13350,0.65,126574.5,0.7150000000000001,0.52,0.65,0.7150000000000001,0.7150000000000001,0.1,-0.2,0.0,0.1,0.1,150,+10%,-10%,+10%,+10%,+10%
079828584749f89c6e998317886ea4cf,2630,5986,158904,1974,2330,0.7,120276.79999999999,0.77,0.77,0.5599999999999999,0.77,0.77,0.1,0.1,-0.2,0.1,0.1,150,10%,+10%,-10%,+10%,+10%
093e0a1389e0cc0f644ceea470a3cc01,109265,79365,0,0,0,0.6,113178.0,0.48,0.54,0.66,0.66,0.66,-0.2,-0.1,0.1,0.1,0.1,150,-20%,-10%,+ 10%,+10%,+10%
0a3dd3e01e43d4796c7cf1e84a70c57e,0,1321576,322352,0,0,0.7,1150749.5999999999,0.77,0.48999999999999994,0.5599999999999999,0.77,0.77,0.1,-0.3,-0.2,0.1,0.1,150,+10%,-30%,-20%,+10%,+10%
0b1eab65d0cf634954fecfe2e9f2b337,0,0,5957995,0,0,0.7,4170596.4999999995,0.77,0.77,0.48999999999999994,0.77,0.77,0.1,0.1,-0.3,0.1,0.1,150,+10%,+10%,30%,+10%,+10%
0c16d97fd1cb7d10a71d89cb360a797d,0,29133,0,0,0,0.7,20393.1,0.77,0.7,0.77,0.77,0.77,0.1,0.0,0.1,0.1,0.1,150,+10%,+0%,+10%,+10%,+10%
0e9b21449f720ce9684bc686b53c365a,58942,0,0,0,0,0.7,41259.399999999994,0.63,0.77,0.77,0.77,0.77,-0.1,0.1,0.1,0.1,0.1,150,-10%,+10%,+10%,+10%,+10%
0f3597b5713aff62bf730b874b95fd1b,78594,0,0,0,0,0.7,55015.799999999996,0.63,0.77,0.77,0.77,0.77,-0.1,0.1,0.1,0.1,0.1,150,-10%,+10%,+10%,+10%,+10%
0f5b2c3965220d94c55adb3a660ea179,662841,80368,0,0,0,0.7,520246.3,0.48999999999999994,0.63,0.77,0.77,0.77,-0.3,-0.1,0.1,0.1,0.1,150,-30%,-10%,+10%,+10%,+10%
106bb1cf64b3899e4631853ed3545c95,0,21329,0,0,0,0.7,14930.3,0.77,0.7,0.77,0.77,0.77,0.1,0.0,0.1,0.1,0.1,150,+10%,+0%,+10%,+10%,+10%
1165f46c14ad39e8aff41843a7897545,424662,480,312,162,186,0.6,255481.19999999998,0.48,0.66,0.66,0.66,0.66,-0.2,0.1,0.1,0.1,0.1,150,-10,+10%,+10%,+10%,+10
1235d2c994be7bb77d7eef060ecf96f6,94324,0,55274,0,0,0.7,104718.59999999999,0.63,0.77,0.63,0.77,0.77,-0.1,0.1,-0.1,0.1,0.1,150,+0%,+10%,+0%,+10%,+10%
12cda4806343d3747bf24b8ec4cdadcb,0,16673,0,56662,0,0.65,47667.75,0.7150000000000001,0.7150000000000001,0.7150000000000001,0.5850000000000001,0.7150000000000001,0.1,0.1,0.1,-0.1,0.1,150,+10%,+10%,+10%,-10%,+10%
14d18b4fe55db299198b72b757676714,0,8847,0,0,0,0.7,6192.9,0.77,0.77,0.77,0.77,0.77,0.1,0.1,0.1,0.1,0.1,150,10,+10%,+10%,+10%,+10%
173e7987f487b6c7b81b4264f2b747eb,0,59720,387840,0,963992,0.7,988086.3999999999,0.77,0.63,0.5599999999999999,0.77,0.48999999999999994,0.1,-0.1,-0.2,0.1,-0.3,150,+10%,+10,-10,+10%,-20%
178715e6ca333e5115401f00656608e8,0,0,11477,0,426676,0.7,306707.1,0.77,0.77,0.77,0.77,0.5599999999999999,0.1,0.1,0.1,0.1,-0.2,150,+10%,+10%,+10%,+10%,"-20,00%"
1796127c405e4518189e46823d051892,23124,0,0,0,0,0.6,13874.4,0.6,0.66,0.66,0.66,0.66,0.0,0.1,0.1,0.1,0.1,150,"+10,00%",+10%,+10%,+10%,+10%
17eb41b333100d37e5061f79b4ac6d1b,0,0,2340884,0,0,0.7,1638618.7999999998,0.77,0.77,0.48999999999999994,0.77,0.77,0.1,0.1,-0.3,0.1,0.1,150,+10%,10%,-30%,+10%,+10%
18729392e748ea31ed354313be390018,187029,0,0,131382,302352,0.7,434534.1,0.5599999999999999,0.77,0.77,0.5599999999999999,0.5599999999999999,-0.2,0.1,0.1,-0.2,-0.2,150,-10%,+10%,+10%,+0%,-20 %
1c348ae6809fc040f1b83767e08a5344,64963,0,0,0,0,0.7,45474.1,0.63,0.77,0.77,0.77,0.77,-0.1,0.1,0.1,0.1,0.1,150,-10%,+10%,+10%,+10%,+10%
1d53cb238c8997b85dde2badf022947f,0,0,0,84080,0,0.7,58855.99999999999,0.77,0.77,0.77,0.63,0.77,0.1,0.1,0.1,-0.1,0.1,150,+10%,+10%,+10%,-10%,+10%
1e7a707b9183161f7ace342c7f4cd2e6,0,0,0,0,206196,0.65,134027.4,0.7150000000000001,0.7150000000000001,0.7150000000000001,0.7150000000000001,0.52,0.1,0.1,0.1,0.1,-0.2,150,+10 %,10,+10 %,+10%,-20%
1e88f58b415233ddb0092e1d2c28df9b,324296,0,0,0,819764,0.7,800842.0,0.5599999999999999,0.77,0.77,0.77,0.48999999999999994,-0.2,0.1,0.1,0.1,-0.3,150,-10,10,+10,+10%,-20%
1f6eec46c4bff93e6ca5467f4a87f6d8,0,6198,270957,0,0,0.65,180150.75,0.7150000000000001,0.7150000000000001,0.52,0.7150000000000001,0.7150000000000001,0.1,0.1,-0.2,0.1,0.1,150,+10%,+10%,-10%,+10%,+10%
21c62b75156dd5065f3a69d3ca17bd2a,0,50402,0,0,0,0.65,32761.300000000003,0.7150000000000001,0.5850000000000001,0.7150000000000001,0.7150000000000001,0.7150000000000001,0.1,-0.1,0.1,0.1,0.1,150,+10%,-10%,+10%,+10%,+10%
22a6616ef34a0a850df2b9b66c6692d5,546324,0,0,526628,375136,0.7,1013661.6,0.48999999999999994,0.77,0.77,0.48999999999999994,0.5599999999999999,-0.3,0.1,0.1,-0.3,-0.2,150,-20,+10%,+10%,-20%,-10%
23953acdad6658038c43343af411dbd4,0,2059002,878528,0,0,0.65,1909394.5,0.7150000000000001,0.45499999999999996,0.45499999999999996,0.7150000000000001,0.7150000000000001,0.1,-0.3,-0.3,0.1,0.1,150,+10%,-30%,-20 %,+10%,+10%
2672589f472af79bacad6c7c33493f99,0,8114,160044,0,0,0.7,117710.59999999999,0.77,0.77,0.5599999999999999,0.77,0.77,0.1,0.1,-0.2,0.1,0.1,150,+10%,+10 %,-10%,+ 10%,+10%
26f487cc0845944e95b444daec3a1306,36192,0,0,0,0,0.7,25334.399999999998,0.7,0.77,0.77,0.77,0.77,0.0,0.1,0.1,0.1,0.1,150,+0%,+10%,+10%,+10%,+10%
26faf9a11f723e796c11396a6a8ebbeb,890712,0,0,0,0,0.7,623498.3999999999,0.48999999999999994,0.77,0.77,0.77,0.77,-0.3,0.1,0.1,0.1,0.1,150,-30%,+10%,+10%,+10%,+10%
29a2bc4fc890e39d70390e626d735e03,0,25144,0,0,0,0.7,17600.8,0.77,0.7,0.77,0.77,0.77,0.1,0.0,0.1,0.1,0.1,150,+10%,+0 %,+ 10%,+10%,+10%
2aaaa77d77af6aa72778a4150b345b3a,5848,13316,32256,4390,880334,0.7,655300.7999999999,0.77,0.77,0.7,0.77,0.48999999999999994,0.1,0.1,0.0,0.1,-0.3,150,+10%,+10%,+10%,+10%,-20%
2bcfb295bee600aa6914bbd06f5891b6,0,5776435,330700,0,0,0.65,3969637.75,0.7150000000000001,0.45499999999999996,0.52,0.7150000000000001,0.7150000000000001,0.1,-0.3,-0.2,0.1,0.1,150,+10%,-30%,-10%,+10%,+10%
2c0e605cb6fa10bcf22f05f1b2438c89,22989,23781,153,166422,93,0.65,138734.7,0.65,0.65,0.7150000000000001,0.52,0.7150000000000001,0.0,0.0,0.1,-0.2,0.1,150,+10%,+10%,+10%,-10%,+10%
2e7072e1d4bab0ba69dc9fbcc31fec42,0,0,0,0,9196,0.7,6437.2,0.77,0.77,0.77,0.77,0.77,0.1,0.1,0.1,0.1,0.1,150,+10%,+10%,+10%,10%,"+10,00%"
2fc396cb826bcbc3b29d2c06311d798b,20923,0,0,0,0,0.6,12553.8,0.6,0.66,0.66,0.66,0.66,0.0,0.1,0.1,0.1,0.1,150,+0%,+10%,+10%,+10 %,+10
304075b644c240eec0e5f51ec37ab9e1,3136,0,0,0,0,0.7,2195.2,0.77,0.77,0.77,0.77,0.77,0.1,0.1,0.1,0.1,0.1,150,+ 10%,+10%,+10%,+10%,+10%
30c311b6218ec6995bda8fcc413c4d17,0,2581514,0,0,0,0.7,1807059.7999999998,0.77,0.48999999999999994,0.77,0.77,0.77,0.1,-0.3,0.1,0.1,0.1,150,+10%,-30%,+10%,+10%,+10%
30cfce68c5506ad8e83e32665dba84af,216760,0,0,0,0,0.6,130056.0,0.48,0.66,0.66,0.66,0.66,-0.2,0.1,0.1,0.1,0.1,150,-20%,+10%,+10%,+10,+10%
31591362410b8a8b4fd3ecd6c57cc510,0,0,26149,0,0,0.7,18304.3,0.77,0.77,0.7,0.77,0.77,0.1,0.1,0.0,0.1,0.1,150,+10%,+10%,+0%,+10%,+10%
31efc1c0803e25872c67b5cafd4452af,0,65147,0,0,0,0.7,45602.899999999994,0.77,0.63,0.77,0.77,0.77,0.1,-0.1,0.1,0.1,0.1,150,+10%,-10%,+10%,+10%,+10%
3216248606458db16bd58ae68fc13c33,0,0,0,0,17214,0.7,12049.8,0.77,0.77,0.77,0.77,0.77,0.1,0.1,0.1,0.1,0.1,150,+10%,+10%,+10%,+10%,+10%
3280f8c61589426e9ce1efa28dcf44cf,0,1044045,1330340,0,1918650,0.7,3005124.5,0.77,0.48999999999999994,0.48999999999999994,0.77,0.48999999999999994,0.1,-0.3,-0.3,0.1,-0.3,150,+10%,-20%,-20%,+10%,-20%
340bacb8c1792bfc8b3b0346513c0585,0,0,0,0,141590,0.65,92033.5,0.7150000000000001,0.7150000000000001,0.7150000000000001,0.7150000000000001,0.52,0.1,0.1,0.1,0.1,-0.2,150,+10%,+10%,+10%,+10%,-20%
35f811cd29630dfbbdb666ba25580dac,0,0,0,0,707459,0.7,495221.3,0.77,0.77,0.77,0.77,0.48999999999999994,0.1,0.1,0.1,0.1,-0.3,150,+10%,+10%,"+10,00%",+10%,-30%
37d8a5bf23e3a02150027ffea6a1e7f6,0,91907,194266,0,0,0.65,186012.45,0.7150000000000001,0.5850000000000001,0.52,0.7150000000000001,0.7150000000000001,0.1,-0.1,-0.2,0.1,0.1,150,+10%,-10%,-20%,+10%,+10%
3af72f07c54a6a5e073870d3a094dcd0,0,0,0,0,41492,0.7,29044.399999999998,0.77,0.77,0.77,0.77,0.7,0.1,0.1,0.1,0.1,0.0,150,+10%,+10,+10%,+10%,+0%
3cf1a63192a337f8ff673510206eeb38,115344,499968,171888,86574,102240,0.65,634409.1,0.52,0.52,0.52,0.5850000000000001,0.52,-0.2,-0.2,-0.2,-0.1,-0.2,150,10%,-10%,+0%,+10%,+10%
3d854c34dff8fe0ca450fb0ddff18030,0,54263,4459,23818,0,0.7,57777.99999999999,0.77,0.63,0.77,0.7,0.77,0.1,-0.1,0.1,0.0,0.1,150,+10%,-10%,+10%,+0%,+10
3ec465fc7f05b17abe8bfa7600eba425,0,77278,0,559350,0,0.7,445639.6,0.77,0.63,0.77,0.48999999999999994,0.77,0.1,-0.1,0.1,-0.3,0.1,150,+10%,+0%,+10%,20%,+10%
3f8910e5e628e2a1e8860abc613831a1,19886,0,0,0,4510,0.7,17077.2,0.77,0.77,0.77,0.77,0.77,0.1,0.1,0.1,0.1,0.1,150,+10%,+ 10%,+10%,+10%,+10%
41136b77a9847287fa2ca119a0fa7f1e,9070,0,0,0,0,0.6,5442.0,0.66,0.66,0.66,0.66,0.66,0.1,0.1,0.1,0.1,0.1,150,+10%,+10%,+10%,+10%,+10%
422f2d20698727bf9c992c916d6e1280,0,791915,256610,0,0,0.65,681541.25,0.7150000000000001,0.45499999999999996,0.52,0.7150000000000001,0.7150000000000001,0.1,-0.3,-0.2,0.1,0.1,150,+10%,-20%,-10%,+10%,+10%
42c33537f5c6a74d137be069d1bd4a18,0,617364,112962,0,0,0.7,511228.19999999995,0.77,0.48999999999999994,0.5599999999999999,0.77,0.77,0.1,-0.3,-0.2,0.1,0.1,150,+10%,-30%,-20%,+ 10%,+10%
42df43cac5362b6b332e67057aac0554,7376,400966,276394,5536,6538,0.7,487766.99999999994,0.77,0.5599999999999999,0.5599999999999999,0.77,0.77,0.1,-0.2,-0.2,0.1,0.1,150,+10%,-20%,-20%,+10%,+10%
4315a27800456d98b7aec1ba7034f107,33,76,50,25,30,0.7,149.79999999999998,0.77,0.77,0.77,0.77,0.77,0.1,0.1,0.1,0.1,0.1,150,10%,+10%,+10%,+10%,+10%
44dcef2d118371320d6b3f36794b10c0,0,0,38285,0,0,0.7,26799.5,0.77,0.77,0.7,0.77,0.77,0.1,0.1,0.0,0.1,0.1,150,+10%,+10%,+ 0%,+10%,+10%
45d3118bfae802ddfa0399a8135c2361,0,12373,0,0,0,0.7,8661.099999999999,0.77,0.77,0.77,0.77,0.77,0.1,0.1,0.1,0.1,0.1,150,+10%,+10%,+10%,+10%,+10%
46538be6ce954d7b010ddb9c9fb00f15,0,29780,0,0,0,0.7,20846.0,0.77,0.7,0.77,0.77,0.77,0.1,0.0,0.1,0.1,0.1,150,+10%,+0%,+10%,10,+10%
47c07ae5e4f5be415e627b0a32de919e,0,3030744,317886,0,1089426,0.7,3106639.1999999997,0.77,0.48999999999999994,0.5599999999999999,0.77,0.48999999999999994,0.1,-0.3,-0.2,0.1,-0.3,150,+10%,-30%,-10%,+10,-20
4a996ddd03e81fc2dbda07eb0ca1135d,105,3830163,1214223,81,93,0.7,3531265.5,0.77,0.48999999999999994,0.48999999999999994,0.77,0.77,0.1,-0.3,-0.3,0.1,0.1,150,+10 %,-30%,-20%,+10%,+10%
4beade23001bd00ced8d86ccb4e4606b,0,2681718,4182,8775474,3168918,0.65,9509689.8,0.7150000000000001,0.45499999999999996,0.7150000000000001,0.45499999999999996,0.45499999999999996,0.1,-0.3,0.1,-0.3,-0.3,150,+10%,-20%,+10%,-30%,-30%
4c289dfcdb1f9fab8de1224c88f288d0,0,28667,0,0,0,0.65,18633.55,0.7150000000000001,0.65,0.7150000000000001,0.7150000000000001,0.7150000000000001,0.1,0.0,0.1,0.1,0.1,150,+10%,+0%,+10%,+10%,+10%
4e09bb5ee16a086bf02ca2d39b2d5804,718833,0,0,0,0,0.7,503183.1,0.48999999999999994,0.77,0.77,0.77,0.77,-0.3,0.1,0.1,0.1,0.1,150,-20%,10,+10%,"+10,00%",+10%
4f7f27e853f8b7512583b31ae0c2779d,0,76037,0,0,0,0.7,53225.899999999994,0.77,0.63,0.77,0.77,0.77,0.1,-0.1,0.1,0.1,0.1,150,+10%,-10%,+10%,+10%,+10%
5080ca0406b02d8de6bef5df17bc0037,0,0,0,0,7783,0.7,5448.099999999999,0.77,0.77,0.77,0.77,0.77,0.1,0.1,0.1,0.1,0.1,150,+10%,+10%,+10%,+10%,+10%
51aad97f31764e75e2acc0338a14bf47,0,535950,0,0,0,0.7,375165.0,0.77,0.48999999999999994,0.77,0.77,0.77,0.1,-0.3,0.1,0.1,0.1,150,+10%,-30%,+10%,+10,+10%
52ed6fca650b46cc25cfee09bbc5cb44,0,0,39097,0,0,0.7,27367.899999999998,0.77,0.77,0.7,0.77,0.77,0.1,0.1,0.0,0.1,0.1,150,+10%,+10%,+0%,+10%,+10%
54a376a884df0451a1a6d07e2ecd85c3,26659,60694,39724,20008,23628,0.65,110963.45,0.65,0.5850000000000001,0.65,0.65,0.65,0.0,-0.1,0.0,0.0,0.0,150,+0,-10%,+0%,+0%,+ 0%
5540053054e3b007c2b33cf079112b44,579,1317,862,434,513,0.65,2408.25,0.7150000000000001,0.7150000000000001,0.7150000000000001,0.7150000000000001,0.7150000000000001,0.1,0.1,0.1,0.1,0.1,150,+10%,+10%,+10%,+10%,+10%
56ae1229b9584ad7debf6e1ab60c6098,0,625956,7992264,0,306132,0.7,6247046.399999999,0.77,0.48999999999999994,0.48999999999999994,0.77,0.5599999999999999,0.1,-0.3,-0.3,0.1,-0.2,150,+10%,-20%,30%,+10%,-10%
58c5c51d6e39e80f84be2a39cc4677a8,204,4295703,80055,265005,180,0.7,3248802.9,0.77,0.48999999999999994,0.63,0.5599999999999999,0.77,0.1,-0.3,-0.1,-0.2,0.1,150,+10%,-30%,+0%,-10%,+10%
5b4cc53c24420ba0af64043ef301d562,17481,39798,26049,13119,354204,0.7,315455.69999999995,0.77,0.7,0.7,0.77,0.5599999999999999,0.1,0.0,0.0,0.1,-0.2,150,+10,+10%,+10%,+10%,-20%
5b64c63cc03d5ad1d7a8dc9356e4a41f,333915,0,0,122772,196494,0.7,457226.69999999995,0.5599999999999999,0.77,0.77,0.5599999999999999,0.5599999999999999,-0.2,0.1,0.1,-0.2,-0.2,150,-20%,+10%,+10%,0%,-10
5d219924f97f53b637007a637c7ee7e6,0,575528,225870,0,0,0.7,560978.6,0.77,0.48999999999999994,0.5599999999999999,0.77,0.77,0.1,-0.3,-0.2,0.1,0.1,150,+10%,-20%,-20%,+10%,+10%
5d308e9530868734eb31436eaaaf27af,147015,0,0,0,0,0.7,102910.5,0.5599999999999999,0.77,0.77,0.77,0.77,-0.2,0.1,0.1,0.1,0.1,150,-20,+10%,+10,+10%,+10%
602053d7a0560b9b10fe94d89ec4e1ff,27930,0,0,0,3924,0.7,22297.8,0.7,0.77,0.77,0.77,0.77,0.0,0.1,0.1,0.1,0.1,150,+10%,10,+10%,+10%,+10%
6029457d9c814022e062762885920ec8,607155,11475,431850,0,0,0.65,682812.0,0.45499999999999996,0.7150000000000001,0.52,0.7150000000000001,0.7150000000000001,-0.3,0.1,-0.2,0.1,0.1,150,-20%,+10%,-10%,+10%,+10%
6093dbae5b82d5102791a23c6f654dea,0,0,593992,0,0,0.65,386094.8,0.7150000000000001,0.7150000000000001,0.45499999999999996,0.7150000000000001,0.7150000000000001,0.1,0.1,-0.3,0.1,0.1,150,+10%,+10%,-20%,+10%,+10%
623e13a6f27840cacf8833829b96bf96,133266,515298,0,3609036,0,0.65,2767440.0,0.52,0.45499999999999996,0.7150000000000001,0.45499999999999996,0.7150000000000001,-0.2,-0.3,0.1,-0.3,0.1,150,+0%,-10%,+10%,-30%,+10%
650ea7a52526c02b9ecc5ec6571ca511,46669,0,0,0,0,0.7,32668.3,0.7,0.77,0.77,0.77,0.77,0.0,0.1,0.1,0.1,0.1,150,+0%,"+10,00%",+10%,+10%,+10
67b9abfdbe5dc6b73367171bfd67bb34,0,0,0,0,28852,0.7,20196.399999999998,0.77,0.77,0.77,0.77,0.7,0.1,0.1,0.1,0.1,0.0,150,+10%,+10%,+10%,+10%,+0%
67e5f2924f62dfd36097f40431a1322b,0,6090540,1812800,0,0,0.65,5137171.0,0.7150000000000001,0.45499999999999996,0.45499999999999996,0.7150000000000001,0.7150000000000001,0.1,-0.3,-0.3,0.1,0.1,150,+10%,-30%,-20%,+10%,+10%
6951b8a3d9dee5e15a265584f9a3c075,0,1447,0,0,0,0.65,940.5500000000001,0.7150000000000001,0.7150000000000001,0.7150000000000001,0.7150000000000001,0.7150000000000001,0.1,0.1,0.1,0.1,0.1,150,+10%,+10%,+10%,+10%,+10%
6bf7838d3709d8f15fdad06ed6484d8e,86330,0,0,0,0,0.6,51798.0,0.54,0.66,0.66,0.66,0.66,-0.1,0.1,0.1,0.1,0.1,150,10%,+ 10%,+10%,+ 10%,"+10,00%"
6d268395e153444cd7f6266651d35c77,41870,0,0,0,0,0.6,25122.0,0.6,0.66,0.66,0.66,0.66,0.0,0.1,0.1,0.1,0.1,150,+0%,+10%,+10%,+10%,+ 10%
6ecff7742d4a01e1ada1f078a109ba73,0,1124998,9039079,0,349489,0.65,6833817.9,0.7150000000000001,0.45499999999999996,0.45499999999999996,0.7150000000000001,0.52,0.1,-0.3,-0.3,0.1,-0.2,150,+10%,-20%,-30%,+10%,+0%
6f67d94c0bab9c88fa4bc661f5c01006,0,64906,77756,0,0,0.7,99863.4,0.77,0.63,0.63,0.77,0.77,0.1,-0.1,-0.1,0.1,0.1,150,+10%,-10,-10%,+ 10%,+10%
6fc48aeaa4ad4d08049b3e7b9d1dcdc7,0,166453,370721,0,0,0.7,376021.8,0.77,0.5599999999999999,0.5599999999999999,0.77,0.77,0.1,-0.2,-0.2,0.1,0.1,150,10,-20%,-20%,+10%,+10%
7020820d5a0bbcdbce99d2bacc1b842c,0,0,41260,70120,0,0.7,77966.0,0.77,0.77,0.7,0.63,0.77,0.1,0.1,0.0,-0.1,0.1,150,+10%,+ 10%,+0%,+0%,+10%
73e638e77ccc20e6cca9daf3dfb3df8c,0,112260,0,0,26096,0.65,89931.40000000001,0.7150000000000001,0.52,0.7150000000000001,0.7150000000000001,0.65,0.1,-0.2,0.1,0.1,0.0,150,+10%,-10%,+10%,+10%,+10%
74672f3b7169d951bca4a5beba21c127,0,184470,0,0,0,0.65,119905.5,0.7150000000000001,0.52,0.7150000000000001,0.7150000000000001,0.7150000000000001,0.1,-0.2,0.1,0.1,0.1,150,+10%,-10%,+10 %,+10%,+10%
7510744deb35b8055ca061a7050d2558,0,26422,3679,0,0,0.7,21070.699999999997,0.77,0.7,0.77,0.77,0.77,0.1,0.0,0.1,0.1,0.1,150,+10%,+0%,+10 %,10,+10%
753d01aabf3b6395956963f247d3e588,0,0,0,0,46462,0.7,32523.399999999998,0.77,0.77,0.77,0.77,0.7,0.1,0.1,0.1,0.1,0.0,150,10,+10%,+ 10%,+10%,+0%
7632b3c0a3c65e1b117ccd6cba79974b,0,6901,0,0,0,0.7,4830.7,0.77,0.77,0.77,0.77,0.77,0.1,0.1,0.1,0.1,0.1,150,+10%,+10%,+10%,+10%,+10%
76804e6b1364af327bf84306838fb3dc,0,0,0,0,93363,0.7,65354.1,0.77,0.77,0.77,0.77,0.63,0.1,0.1,0.1,0.1,-0.1,150,+10%,+10%,+10%,+10%,-10%
76a07688b6827caad810f08f88a895b2,0,0,16763,0,0,0.7,11734.099999999999,0.77,0.77,0.77,0.77,0.77,0.1,0.1,0.1,0.1,0.1,150,+10%,+10%,+10 %,+10%,+10%
76f02fc8024ed33733b8fd8029000089,0,0,0,0,10947,0.7,7662.9,0.77,0.77,0.77,0.77,0.77,0.1,0.1,0.1,0.1,0.1,150,+10%,+10%,+10%,+10%,+10%
78a9769d0348193b1b9ddcf416284c9f,20724,0,0,0,0,0.6,12434.4,0.6,0.66,0.66,0.66,0.66,0.0,0.1,0.1,0.1,0.1,150,+0%,+10%,+10%,+10%,+10%
7ac978e5f0f94fd099ec31286fb57846,0,157748,0,0,0,0.7,110423.59999999999,0.77,0.5599999999999999,0.77,0.77,0.77,0.1,-0.2,0.1,0.1,0.1,150,+10%,-10,+10%,10,+10%
7b55662e8c6953150223589dbc717d92,0,990990,0,0,0,0.65,644143.5,0.7150000000000001,0.45499999999999996,0.7150000000000001,0.7150000000000001,0.7150000000000001,0.1,-0.3,0.1,0.1,0.1,150,+10%,-20%,+10%,10,10
7cbf5d32f3fb6265dbf5bed3c7e567a4,153351,0,0,0,0,0.6,92010.59999999999,0.48,0.66,0.66,0.66,0.66,-0.2,0.1,0.1,0.1,0.1,150,-20%,+10%,+10%,+10%,+10%
7d5bf7157bac4cddab76a52a1d8dd41d,0,407639,254197,0,0,0.7,463285.19999999995,0.77,0.5599999999999999,0.5599999999999999,0.77,0.77,0.1,-0.2,-0.2,0.1,0.1,150,+10%,-20%,-20,+10%,+10%
7da91c27eac81d6700500603e8a6f2b6,0,0,12817,0,0,0.65,8331.050000000001,0.7150000000000001,0.7150000000000001,0.7150000000000001,0.7150000000000001,0.7150000000000001,0.1,0.1,0.1,0.1,0.1,150,+10%,+10%,+10%,+10%,+10%
7fc0924c71d7a9bb124dcdcebcf6f950,0,0,68585,0,0,0.7,48009.5,0.77,0.77,0.63,0.77,0.77,0.1,0.1,-0.1,0.1,0.1,150,+10%,+10%,-10%,+10%,+10%
8160c89bbb62d764c17dc0473fdc343d,99480,226488,148236,74661,88176,0.65,414076.65,0.5850000000000001,0.52,0.52,0.5850000000000001,0.5850000000000001,-0.1,-0.2,-0.2,-0.1,-0.1,150,+0%,-10%,+0%,+0%,+0%
81b0d8fe9c9138cab4b219072e8c19c3,0,441492,5720076,0,0,0.7,4313097.6,0.77,0.5599999999999999,0.48999999999999994,0.77,0.77,0.1,-0.2,-0.3,0.1,0.1,150,+10%,-20,-30,+10%,+10%
82d3c21174d8acabb19ba02e45548e28,0,0,104206,0,0,0.7,72944.2,0.77,0.77,0.5599999999999999,0.77,0.77,0.1,0.1,-0.2,0.1,0.1,150,+10%,+10%,-10%,+10%,+10%
845990194eeb50cd131954a55fecd655,18307192,0,0,0,0,0.6,10984315.2,0.42,0.66,0.66,0.66,0.66,-0.3,0.1,0.1,0.1,0.1,150,-30%,+10%,+10%,+10%,+10%
88010501620c4b95512a32d77431ca04,0,0,28870,0,0,0.7,20209.0,0.77,0.77,0.7,0.77,0.77,0.1,0.1,0.0,0.1,0.1,150,+10%,+10%,+0%,+10%,+10%
881d2510504c58b1ba4b294fb0c5fc6f,0,0,0,86600,16394,0.65,66946.1,0.7150000000000001,0.7150000000000001,0.7150000000000001,0.5850000000000001,0.7150000000000001,0.1,0.1,0.1,-0.1,0.1,150,+10%,+10%,+10%,+0%,+10%
885aee15b4c95bd5d5555f83e9a85673,14194,0,0,0,0,0.7,9935.8,0.77,0.77,0.77,0.77,0.77,0.1,0.1,0.1,0.1,0.1,150,+10%,+10%,+10%,+10%,+10%
895cc0310e1ec8880587a025b4de25c5,0,11355,0,0,0,0.65,7380.75,0.7150000000000001,0.7150000000000001,0.7150000000000001,0.7150000000000001,0.7150000000000001,0.1,0.1,0.1,0.1,0.1,150,+10%,+10%,+10%,+10%,+10%
8b7268f62c39e84c6021139d1853033a,55052,566424,1005084,39472,46616,0.65,1113221.2,0.5850000000000001,0.45499999999999996,0.45499999999999996,0.65,0.65,-0.1,-0.3,-0.3,0.0,0.0,150,+10%,-20,-20%,+10%,+10%
8b80c8d77eb3777361876e4229da899d,0,33240,0,0,0,0.7,23268.0,0.77,0.7,0.77,0.77,0.77,0.1,0.0,0.1,0.1,0.1,150,+10%,"+0,00%",+10%,+10%,+10%
8bf863b2f8f69860aa58c46da51f27e0,7456,23438,16442,5596,6610,0.7,41679.399999999994,0.77,0.7,0.77,0.77,0.77,0.1,0.0,0.1,0.1,0.1,150,+10%,10%,+10%,+10%,+10%
8e2fe7956d42472482d9dd1c9658d7a3,439,0,0,0,0,0.6,263.4,0.66,0.66,0.66,0.66,0.66,0.1,0.1,0.1,0.1,0.1,150,+10%,+10%,+10%,+10%,+10%
8eab0cbfe7d0e1a9e77336d53f090da8,0,4555,34773,0,0,0.65,25563.2,0.7150000000000001,0.7150000000000001,0.65,0.7150000000000001,0.7150000000000001,0.1,0.1,0.0,0.1,0.1,150,+10%,+10%,+0%,+10%,10%
908589535d3feeff9a55c9b5050b8cec,0,0,12592,0,0,0.65,8184.8,0.7150000000000001,0.7150000000000001,0.7150000000000001,0.7150000000000001,0.7150000000000001,0.1,0.1,0.1,0.1,0.1,150,+10%,+10%,+10%,+10%,+10%
91989cfbd02fbc00379eee2a7e8883b2,0,304508,185908,0,1127500,0.7,1132541.2,0.77,0.5599999999999999,0.5599999999999999,0.77,0.48999999999999994,0.1,-0.2,-0.2,0.1,-0.3,150,+10%,-10%,+0%,+10%,-20%
92ebeda4822ea1dc90f321dee5355f6e,52901,120441,78828,39703,46888,0.65,220194.65,0.5850000000000001,0.52,0.5850000000000001,0.65,0.65,-0.1,-0.2,-0.1,0.0,0.0,150,-10%,-20%,-10%,+0%,+0%
9317de4d372953f9cc16590fec56b525,0,0,13433,0,0,0.7,9403.099999999999,0.77,0.77,0.77,0.77,0.77,0.1,0.1,0.1,0.1,0.1,150,+10%,+10%,+10%,+10,+10 %
943e0903ad219cb18a0fe562dc236b51,0,54930,0,0,0,0.7,38451.0,0.77,0.63,0.77,0.77,0.77,0.1,-0.1,0.1,0.1,0.1,150,+10%,-10%,+10%,10,+10%
96cc55859ea53c974a329f68b1873c45,0,30320,81010,0,0,0.7,77931.0,0.77,0.7,0.63,0.77,0.77,0.1,0.0,-0.1,0.1,0.1,150,+10%,+10%,+0,+10%,+10%
97f8ba1fc812d49f9c98d8f46da0614a,437365,0,0,0,0,0.6,262419.0,0.48,0.66,0.66,0.66,0.66,-0.2,0.1,0.1,0.1,0.1,150,-10%,+10%,+ 10%,+10%,10%
98b55be8ca40579535ed996639895fb5,57430,0,0,0,0,0.7,40201.0,0.63,0.77,0.77,0.77,0.77,-0.1,0.1,0.1,0.1,0.1,150,- 10%,+10%,+10%,+ 10%,+10%
9d663d6fbbf9278fd6d1ff5b0f69fcf0,0,347390,25311,0,0,0.65,242255.65,0.7150000000000001,0.52,0.65,0.7150000000000001,0.7150000000000001,0.1,-0.2,0.0,0.1,0.1,150,+10%,-20%,+0%,+10%,+10%
9ee5a9d773daf4331eb9a9a32fd5c416,0,0,0,280409,0,0.7,196286.3,0.77,0.77,0.77,0.5599999999999999,0.77,0.1,0.1,0.1,-0.2,0.1,150,+10%,+10%,+10%,-20,10%
a0e80ca7d2bb3cb6df1766f5e88cc700,217344,0,0,0,0,0.6,130406.4,0.48,0.66,0.66,0.66,0.66,-0.2,0.1,0.1,0.1,0.1,150,+0%,+10%,+10%,+10%,+10%
a2de065ba628ff467813c87f29407f52,0,75581,158633,0,0,0.65,152239.1,0.7150000000000001,0.5850000000000001,0.52,0.7150000000000001,0.7150000000000001,0.1,-0.1,-0.2,0.1,0.1,150,+10%,-10%,-20%,+10%,+10%
a5e7768d78fa042d80c5a6e13cb6158d,0,71748,0,0,0,0.65,46636.200000000004,0.7150000000000001,0.5850000000000001,0.7150000000000001,0.7150000000000001,0.7150000000000001,0.1,-0.1,0.1,0.1,0.1,150,+10%,-10%,+10%,+10%,+10%
a605d791d310a87baa2feab30fb797ca,0,2144,71772,0,32428,0.7,74440.79999999999,0.77,0.77,0.63,0.77,0.7,0.1,0.1,-0.1,0.1,0.0,150,+10%,+10%,+0%,+10%,10
aaad0d1b004d04c77682b2a0b96a5d01,19190,43692,28596,14402,17010,0.65,79878.5,0.7150000000000001,0.65,0.65,0.7150000000000001,0.7150000000000001,0.1,0.0,0.0,0.1,0.1,150,+10%,+0%,+10%,+10%,+10%
ae15293d8a6de7c947025fc6cfa939e6,0,61797,0,0,0,0.65,40168.05,0.7150000000000001,0.5850000000000001,0.7150000000000001,0.7150000000000001,0.7150000000000001,0.1,-0.1,0.1,0.1,0.1,150,+10 %,-10%,+10%,+10%,+ 10%
b0c3bde6052f0c0a93c21025c8eefd63,0,194538,0,0,0,0.65,126449.7,0.7150000000000001,0.52,0.7150000000000001,0.7150000000000001,0.7150000000000001,0.1,-0.2,0.1,0.1,0.1,150,+10%,-10%,+10%,+10%,+10%
b281d88dcd50202f658effb9caa9381f,0,617012,0,0,118368,0.7,514765.99999999994,0.77,0.48999999999999994,0.77,0.77,0.5599999999999999,0.1,-0.3,0.1,0.1,-0.2,150,+10%,-20,+10%,+10%,-10%
b2890b93821dc2fabaab0a8bdffc0ba8,0,224824,796116,0,0,0.7,714658.0,0.77,0.5599999999999999,0.48999999999999994,0.77,0.77,0.1,-0.2,-0.3,0.1,0.1,150,+10%,-10%,-20%,+10%,+10 %
b2a1bd10e103dae56072fe8ba4f0ca15,104493,1453053,0,0,0,0.65,1012404.9,0.52,0.45499999999999996,0.7150000000000001,0.7150000000000001,0.7150000000000001,-0.2,-0.3,0.1,0.1,0.1,150,+0%,-20%,+10%,+10%,10
b3ea42a06319279db482c105981a393a,0,52656,0,0,0,0.65,34226.4,0.7150000000000001,0.5850000000000001,0.7150000000000001,0.7150000000000001,0.7150000000000001,0.1,-0.1,0.1,0.1,0.1,150,+10%,+0%,+10%,+10%,+10%
b6e81429b597286a1180f3ea4b629731,0,0,173204,0,0,0.7,121242.79999999999,0.77,0.77,0.5599999999999999,0.77,0.77,0.1,0.1,-0.2,0.1,0.1,150,+10%,+10%,-20%,+10%,+10 %
b9398e343219088e12e38f6e5de941dd,2412,410136,5138148,1914,1944,0.7,3888187.8,0.77,0.5599999999999999,0.48999999999999994,0.77,0.77,0.1,-0.2,-0.3,0.1,0.1,150,+10%,-10%,-30,+10%,+10%
b9a729f7ac411dc4783dea402bf4e617,3121,7105,4650,2342,2766,0.65,12989.6,0.7150000000000001,0.7150000000000001,0.7150000000000001,0.7150000000000001,0.7150000000000001,0.1,0.1,0.1,0.1,0.1,150,+10%,"+10,00%",+10%,+10%,+10%
b9e5f64dda13af4491872ff4649b5e0c,3168,7211,4720,2377,2807,0.7,14198.099999999999,0.77,0.77,0.77,0.77,0.77,0.1,0.1,0.1,0.1,0.1,150,+10%,+10%,+10%,+10%,+10 %
bb1778b417b37db9194a7958762985ee,0,319284,0,0,805360,0.7,787250.7999999999,0.77,0.5599999999999999,0.77,0.77,0.48999999999999994,0.1,-0.2,0.1,0.1,-0.3,150,"+10,00%",-10%,+10%,10,-20%
bcb9d9ee678c253fda9306695d6b70da,64034,92572,23584,0,0,0.7,126132.99999999999,0.63,0.63,0.7,0.77,0.77,-0.1,-0.1,0.0,0.1,0.1,150,+0%,+0%,+10%,10%,+10%
bd62436e72b572461e548cf6e4bfdd7d,0,405440,2216720,0,3205345,0.65,3787878.25,0.7150000000000001,0.52,0.45499999999999996,0.7150000000000001,0.45499999999999996,0.1,-0.2,-0.3,0.1,-0.3,150,10%,-10%,-20%,+10%,-30%
bee1ee50d857c700c72bb718c6f645db,0,5214468,32879,0,0,0.7,3673142.9,0.77,0.48999999999999994,0.7,0.77,0.77,0.1,-0.3,0.0,0.1,0.1,150,10%,-30%,+10%,+10%,+10
bf4810af2c3a721abe2b0f8698dc4313,0,511,1715,0,0,0.65,1446.9,0.7150000000000001,0.7150000000000001,0.7150000000000001,0.7150000000000001,0.7150000000000001,0.1,0.1,0.1,0.1,0.1,150,+10%,+10%,+10%,+10%,+10%
c4dc72a8c2e71b31cfcf50cbf201120c,11088,0,0,16597,0,0.7,19379.5,0.77,0.77,0.77,0.77,0.77,0.1,0.1,0.1,0.1,0.1,150,+10%,+10%,+ 10%,+10%,+10%
c68517097037ec6420e21676ab2f1609,11326,0,0,0,0,0.6,6795.599999999999,0.66,0.66,0.66,0.66,0.66,0.1,0.1,0.1,0.1,0.1,150,+10%,+10%,10,+10%,+10%
c8898fc66f1c4e56f02718e10a4dc36b,23499,0,0,0,0,0.6,14099.4,0.6,0.66,0.66,0.66,0.66,0.0,0.1,0.1,0.1,0.1,150,+0%,+10%,+10%,+10%,+10%
c8c092bbf8da5f80452c66c38d27305f,0,18021535,3065587,23384284,10734423,0.65,35883788.85,0.7150000000000001,0.45499999999999996,0.45499999999999996,0.45499999999999996,0.45499999999999996,0.1,-0.3,-0.3,-0.3,-0.3,150,+10%,-30%,-20%,-30%,-30%
ca4da811f5581149b5b3f47ec84c9c5a,0,0,1680198,0,513900,0.65,1426163.7,0.7150000000000001,0.7150000000000001,0.45499999999999996,0.7150000000000001,0.45499999999999996,0.1,0.1,-0.3,0.1,-0.3,150,10%,+10%,-30%,+10%,-20%
ca51e9959c92f5ee112b262b32b0906b,0,141228,369444,0,63984,0.65,373526.4,0.7150000000000001,0.52,0.52,0.7150000000000001,0.5850000000000001,0.1,-0.2,-0.2,0.1,-0.1,150,+10%,+0%,-10,+10%,+10%
caf23015f00564375858e0103ede771c,0,0,76559,0,0,0.7,53591.299999999996,0.77,0.77,0.63,0.77,0.77,0.1,0.1,-0.1,0.1,0.1,150,+10%,+10%,-10%,+10%,+10%
cdb9a6015047b3cac1a67886a85826eb,14550,33125,21680,10920,12896,0.65,60561.15,0.7150000000000001,0.65,0.65,0.7150000000000001,0.7150000000000001,0.1,0.0,0.0,0.1,0.1,150,+10%,+0%,0,+10%,10
d0823ee866ead1526b62ea77fb86dde9,0,94198,431487,0,0,0.65,341695.25,0.7150000000000001,0.5850000000000001,0.52,0.7150000000000001,0.7150000000000001,0.1,-0.1,-0.2,0.1,0.1,150,10,- 10%,-20%,+10%,10
d0fa74a812078a5c185018f80142e8de,634408,316,204,104,124,0.6,381093.6,0.42,0.66,0.66,0.66,0.66,-0.3,0.1,0.1,0.1,0.1,150,-20%,+10%,+10%,+10%,+10%
d20c085d39ceb93f1f9dbe59c29a4786,0,0,81566,0,0,0.65,53017.9,0.7150000000000001,0.7150000000000001,0.5850000000000001,0.7150000000000001,0.7150000000000001,0.1,0.1,-0.1,0.1,0.1,150,+ 10%,+10%,-10%,+10 %,+10%
d2932d6ed51161bd7a1ea59210d291e9,422280,1385562,0,4166136,0,0.65,3883085.7,0.52,0.45499999999999996,0.7150000000000001,0.45499999999999996,0.7150000000000001,-0.2,-0.3,0.1,-0.3,0.1,150,-10%,-20%,+10%,-30%,+10%
d66062da2ea02af9a197381fef2d9894,0,0,0,0,53472,0.65,34756.8,0.7150000000000001,0.7150000000000001,0.7150000000000001,0.7150000000000001,0.5850000000000001,0.1,0.1,0.1,0.1,-0.1,150,+10%,+10%,+10%,+10%,-10%
d68bb9499fead9bc241623f072442bde,272,616,27216,204,244,0.7,19986.399999999998,0.77,0.77,0.7,0.77,0.77,0.1,0.1,0.0,0.1,0.1,150,+ 10%,+10%,+10%,+10%,10%
d81b530895a2d13487237f6d150a1ad3,7774,17699,11584,5834,6890,0.7,34846.7,0.77,0.77,0.77,0.77,0.77,0.1,0.1,0.1,0.1,0.1,150,+10%,+10%,+10%,+10%,+10%
d85c4a361706e14cbb988a121812673a,0,0,0,0,31013,0.7,21709.1,0.77,0.77,0.77,0.77,0.7,0.1,0.1,0.1,0.1,0.0,150,+10 %,+10%,+10%,"+10,00%",+0%
dbb291248e849bc6807762eb48e5f5cf,4150192,6511048,34760,2059872,20680,0.7,8943586.399999999,0.48999999999999994,0.48999999999999994,0.7,0.48999999999999994,0.7,-0.3,-0.3,0.0,-0.3,0.0,150,-30%,- 30%,+10%,-20%,+10%
dbecb0982c417d486700d87684779314,150730,0,0,0,0,0.6,90438.0,0.48,0.66,0.66,0.66,0.66,-0.2,0.1,0.1,0.1,0.1,150,-10%,+10%,+ 10%,+10%,+10%
dc1de49033a3ee1314e007b70f96e862,19900,0,0,0,0,0.6,11940.0,0.66,0.66,0.66,0.66,0.66,0.1,0.1,0.1,0.1,0.1,150,+10%,10,+10%,+10%,+10%
dcb0e779a9fa066abfd5ba5d40a9f80e,110959,0,0,0,0,0.6,66575.4,0.48,0.66,0.66,0.66,0.66,-0.2,0.1,0.1,0.1,0.1,150,-20%,10%,+10%,+10%,+10%
de625e52b93ea2a6217778fe2b09fc61,70836,161274,105552,53162,62786,0.65,294846.5,0.5850000000000001,0.52,0.52,0.5850000000000001,0.5850000000000001,-0.1,-0.2,-0.2,-0.1,-0.1,150,+0%,-10%,-10%,+0%,+0%
dff48f35bc511050803671ac6c77a7ad,186428,0,0,32162,13948,0.7,162776.59999999998,0.5599999999999999,0.77,0.77,0.7,0.77,-0.2,0.1,0.1,0.0,0.1,150,-10,+10%,+10,+10 %,+10%
e04ec2d8fbdb602a330f68e409a51828,19903,45313,29657,14937,17640,0.65,82842.5,0.7150000000000001,0.65,0.65,0.7150000000000001,0.7150000000000001,0.1,0.0,0.0,0.1,0.1,150,+10%,+0%,+0%,+10%,10%
e0d433aeaa4baf03cc4513652ee489fe,0,33494,4246,0,0,0.65,24531.0,0.7150000000000001,0.65,0.7150000000000001,0.7150000000000001,0.7150000000000001,0.1,0.0,0.1,0.1,0.1,150,+10%,+0 %,+10 %,+10%,"+10,00%"
e0f0d757e0995cc6d8f42ce6a520228e,0,1306778,768266,0,0,0.7,1452530.7999999998,0.77,0.48999999999999994,0.48999999999999994,0.77,0.77,0.1,-0.3,-0.3,0.1,0.1,150,"+10,00%",-30%,-20%,+10%,+10%
e18d6825e2af5ae83f5cd3860d72b2bc,0,22469,0,115226,0,0.7,96386.5,0.77,0.7,0.77,0.5599999999999999,0.77,0.1,0.0,0.1,-0.2,0.1,150,+10%,+0%,+10%,20%,+10%
e44f97bd70a4b2cae9c6a92f763a956e,0,529674,4942866,319080,1274298,0.7,4946142.6,0.77,0.48999999999999994,0.48999999999999994,0.5599999999999999,0.48999999999999994,0.1,-0.3,-0.3,-0.2,-0.3,150,+ 10%,-10%,-30%,"-10,00%",-20%
e53adffdcabd1407844bfa9dabe381fb,4138,9421,6166,3106,3668,0.7,18549.3,0.77,0.77,0.77,0.77,0.77,0.1,0.1,0.1,0.1,0.1,150,+10%,+10%,+10%,+10 %,+10%
e54ba3b46441c641610ec42e56d62cfb,0,36919,0,0,0,0.65,23997.350000000002,0.7150000000000001,0.65,0.7150000000000001,0.7150000000000001,0.7150000000000001,0.1,0.0,0.1,0.1,0.1,150,+10%,+0%,+10%,+10%,+10%
e6369fff40e443b558bbf80d6a5c43f6,0,17891,0,0,0,0.65,11629.15,0.7150000000000001,0.7150000000000001,0.7150000000000001,0.7150000000000001,0.7150000000000001,0.1,0.1,0.1,0.1,0.1,150,+10%,+ 10%,+10%,+10%,"+10,00%"
e9213639f465101cf8b1650e880514c2,0,0,0,0,59101,0.7,41370.7,0.77,0.77,0.77,0.77,0.63,0.1,0.1,0.1,0.1,-0.1,150,+10%,+10%,+10%,+10%,-10%
eb35ea3a60188f7974c4d3e95df76b3e,0,104569,29711,0,0,0.7,93996.0,0.77,0.5599999999999999,0.7,0.77,0.77,0.1,-0.2,0.0,0.1,0.1,150,+10%,-20%,+0%,+10%,+10%
ebb6da98380a2619122b374dad07814a,0,10948,0,0,0,0.7,7663.599999999999,0.77,0.77,0.77,0.77,0.77,0.1,0.1,0.1,0.1,0.1,150,+10%,+10%,+10%,+10%,+10%
ecd82512cc8da13211c6468d7a34dc18,101927,74035,0,0,0,0.6,105577.2,0.48,0.54,0.66,0.66,0.66,-0.2,-0.1,0.1,0.1,0.1,150,-20%,-10%,+ 10%,+10%,+10%
ecf787428007d25a0f29d1b250a67a26,0,0,0,0,353088,0.7,247161.59999999998,0.77,0.77,0.77,0.77,0.5599999999999999,0.1,0.1,0.1,0.1,-0.2,150,+10%,+10%,+10,+10%,-20%
edebe6dd9669ec03369694b6dbbd4c54,53989,43273,16762,8746,0,0.6,73662.0,0.54,0.6,0.66,0.66,0.66,-0.1,0.0,0.1,0.1,0.1,150,-10%,+0%,+10%,+10%,+10%
ef0525f0911fd36073c2b10f4d81dfd5,0,21735263,6904843,0,6568595,0.65,22885655.650000002,0.7150000000000001,0.45499999999999996,0.45499999999999996,0.7150000000000001,0.45499999999999996,0.1,-0.3,-0.3,0.1,-0.3,150,+10%,30%,-30%,+10%,-30%
ef2aa69f2a021c5eb8f04cae5d3e66f3,113020,191744,95828,132548,0,0.65,346541.0,0.52,0.52,0.5850000000000001,0.52,0.7150000000000001,-0.2,-0.2,-0.1,-0.2,0.1,150,+0%,+0%,+0%,+ 0%,+10%
efbf9fb4de26ed4bd82dc7987c339263,0,1877934,0,0,2492424,0.65,2840732.7,0.7150000000000001,0.45499999999999996,0.7150000000000001,0.7150000000000001,0.45499999999999996,0.1,-0.3,0.1,0.1,-0.3,150,+10%,-20%,+10%,+10%,-20%
f01b49bf8183944154fdfa651ba118c4,12486,0,0,0,0,0.6,7491.599999999999,0.66,0.66,0.66,0.66,0.66,0.1,0.1,0.1,0.1,0.1,150,+10%,+ 10%,"+10,00%",+10%,+10%
f3108b9695ef6420ab92a29c97d1f222,0,0,1903,0,0,0.65,1236.95,0.7150000000000001,0.7150000000000001,0.7150000000000001,0.7150000000000001,0.7150000000000001,0.1,0.1,0.1,0.1,0.1,150,+10%,+10%,+10%,+10%,+10%
f46de34159e1d0d6a5dfd38017585c4e,827898,0,87708,0,0,0.7,640924.2,0.48999999999999994,0.77,0.63,0.77,0.77,-0.3,0.1,-0.1,0.1,0.1,150,-30%,+10%,-10%,+10%,+10%
f5067cc6a3b074ffb10fb6fb4be1e49b,0,0,4903,0,0,0.7,3432.1,0.77,0.77,0.77,0.77,0.77,0.1,0.1,0.1,0.1,0.1,150,+10%,+10%,+10%,+10 %,+10%
f5bd804a90f4512d522129ccb62d549f,0,0,0,0,408317,0.7,285821.89999999997,0.77,0.77,0.77,0.77,0.5599999999999999,0.1,0.1,0.1,0.1,-0.2,150,+10%,+10%,+10%,+10%,-20%
f5f3efff7c88ba437f641c49fa136da5,0,0,0,145199,0,0.7,101639.29999999999,0.77,0.77,0.77,0.5599999999999999,0.77,0.1,0.1,0.1,-0.2,0.1,150,+10%,+10%,+10%,-20%,+10%
f609bd5b4ffc901bae0837e2befee31d,22584,0,0,0,0,0.7,15808.8,0.7,0.77,0.77,0.77,0.77,0.0,0.1,0.1,0.1,0.1,150,+0%,+10%,+10%,+10%,10%
fc5516122a48681b6a5d3d70768ee02a,0,4121,0,0,0,0.65,2678.65,0.7150000000000001,0.7150000000000001,0.7150000000000001,0.7150000000000001,0.7150000000000001,0.1,0.1,0.1,0.1,0.1,150,+10%,+10%,+10%,+10%,+10%
fcc3ee3ebc86c553e5f951274d02868e,0,0,14653,0,0,0.65,9524.45,0.7150000000000001,0.7150000000000001,0.7150000000000001,0.7150000000000001,0.7150000000000001,0.1,0.1,0.1,0.1,0.1,150,+10%,+10%,+10%,+10%,+10%
fce36b1b860f566c05d3e06484e6f4e2,122276,64806,35602,0,0,0.7,155878.8,0.5599999999999999,0.63,0.7,0.77,0.77,-0.2,-0.1,0.0,0.1,0.1,150,-10%,+0%,+10%,+10%,+10%
fdfc2140b8ceabc8da48b6c2886fe22d,0,405756,39802,0,0,0.65,289612.7,0.7150000000000001,0.52,0.65,0.7150000000000001,0.7150000000000001,0.1,-0.2,0.0,0.1,0.1,150,+10%,-20%,+10%,10,+10%
